"Isolation","Trait_A","Trait_B","Observed_PN","Percent_PN"
"0","0","0",0,0
"Pathogenic","Lactose_F","Glucose",0,1
"Clinical","Lactose_F","Glucose",0,1
"Clinical","Lactose_F","Methanol",1,0.992
"Clinical","Lactose_F","myo-Inositol",1,0.989
"Clinical","Lactose_F","Starch formation",1,0.99
"Clinical","Glucose","Methanol",85,1
"Clinical","Glucose","myo-Inositol",81,1
"Clinical","Glucose","Starch formation",84,1
"Clinical","Methanol","myo-Inositol",5,1
"Clinical","Methanol","Starch formation",4,1
"Clinical","myo-Inositol","Starch formation",9,1
"Rotting.Decaying","Lactose_F","Glucose",0,1
"Spoiled","Glucose","Starch formation",84,1
"Contaminated","Lactose_F","Raffinose_F",0,0.974
"Contaminated","Lactose_F","Glucose",0,1
"Contaminated","Lactose_F","Inulin",1,1
"Contaminated","Lactose_F","Melibiose",0,0.972
"Contaminated","Lactose_F","Lactose",0,0.97
"Contaminated","Lactose_F","Methyl-?-D-glucoside",0,0.976
"Contaminated","Lactose_F","Methanol",1,1
"Contaminated","Lactose_F","Erythritol",0,0.971
"Contaminated","Lactose_F","Nitrate",1,1
"Contaminated","Lactose_F","Vitamin-free",0,0.973
"Contaminated","Lactose_F","Starch formation",1,1
"Contaminated","Lactose_F","Growth at 37°C",1,1
"Contaminated","Raffinose_F","Glucose",0,1
"Contaminated","Raffinose_F","Inulin",10,1
"Contaminated","Raffinose_F","Melibiose",12,1
"Contaminated","Raffinose_F","Lactose",13,1
"Contaminated","Raffinose_F","Methyl-?-D-glucoside",1,0.998
"Contaminated","Raffinose_F","Methanol",19,1
"Contaminated","Raffinose_F","Erythritol",12,1
"Contaminated","Raffinose_F","Nitrate",15,1
"Contaminated","Raffinose_F","Vitamin-free",13,1
"Contaminated","Raffinose_F","Starch formation",20,1
"Contaminated","Raffinose_F","Growth at 37°C",3,1
"Contaminated","Glucose","Inulin",79,1
"Contaminated","Glucose","Melibiose",76,1
"Contaminated","Glucose","Lactose",77,1
"Contaminated","Glucose","Methyl-?-D-glucoside",46,1
"Contaminated","Glucose","Methanol",85,1
"Contaminated","Glucose","Erythritol",62,1
"Contaminated","Glucose","Nitrate",79,1
"Contaminated","Glucose","Vitamin-free",71,1
"Contaminated","Glucose","Starch formation",84,1
"Contaminated","Glucose","Growth at 37°C",24,1
"Contaminated","Inulin","Melibiose",5,1
"Contaminated","Inulin","Lactose",7,1
"Contaminated","Inulin","Methyl-?-D-glucoside",0,0.916
"Contaminated","Inulin","Methanol",11,1
"Contaminated","Inulin","Erythritol",7,1
"Contaminated","Inulin","Nitrate",10,1
"Contaminated","Inulin","Vitamin-free",7,1
"Contaminated","Inulin","Starch formation",11,1
"Contaminated","Inulin","Growth at 37°C",2,1
"Contaminated","Melibiose","Lactose",7,1
"Contaminated","Melibiose","Methyl-?-D-glucoside",1,0.995
"Contaminated","Melibiose","Methanol",14,1
"Contaminated","Melibiose","Erythritol",3,1
"Contaminated","Melibiose","Nitrate",13,1
"Contaminated","Melibiose","Vitamin-free",12,1
"Contaminated","Melibiose","Starch formation",14,1
"Contaminated","Melibiose","Growth at 37°C",5,1
"Contaminated","Lactose","Methyl-?-D-glucoside",1,1
"Contaminated","Lactose","Methanol",13,1
"Contaminated","Lactose","Erythritol",3,1
"Contaminated","Lactose","Nitrate",12,1
"Contaminated","Lactose","Vitamin-free",9,1
"Contaminated","Lactose","Starch formation",12,1
"Contaminated","Lactose","Growth at 37°C",5,1
"Contaminated","Methyl-?-D-glucoside","Methanol",42,1
"Contaminated","Methyl-?-D-glucoside","Erythritol",24,1
"Contaminated","Methyl-?-D-glucoside","Nitrate",36,1
"Contaminated","Methyl-?-D-glucoside","Vitamin-free",32,1
"Contaminated","Methyl-?-D-glucoside","Starch formation",43,1
"Contaminated","Methyl-?-D-glucoside","Growth at 37°C",7,1
"Contaminated","Methanol","Erythritol",2,1
"Contaminated","Methanol","Nitrate",3,1
"Contaminated","Methanol","Vitamin-free",4,1
"Contaminated","Methanol","Starch formation",4,1
"Contaminated","Methanol","Growth at 37°C",1,0.998
"Contaminated","Erythritol","Nitrate",23,1
"Contaminated","Erythritol","Vitamin-free",22,1
"Contaminated","Erythritol","Starch formation",28,1
"Contaminated","Erythritol","Growth at 37°C",11,1
"Contaminated","Nitrate","Vitamin-free",9,1
"Contaminated","Nitrate","Starch formation",11,1
"Contaminated","Nitrate","Growth at 37°C",2,1
"Contaminated","Vitamin-free","Starch formation",18,1
"Contaminated","Vitamin-free","Growth at 37°C",7,1
"Contaminated","Starch formation","Growth at 37°C",1,0.998
"Plant.Pathogen","Glucose","Methanol",85,1
"Plant.Pathogen","Glucose","myo-Inositol",81,1
"Plant.Pathogen","Methanol","myo-Inositol",5,1
"Animal","Lactose_F","Glucose",0,1
"Insect","Glucose","Starch formation",84,0
"Tree","Glucose","Galactose",28,0
"Stone.Chamber","Sucrose_F","Maltose_F",10,1
"Stone.Chamber","Sucrose_F","Lactose_F",29,1
"Stone.Chamber","Sucrose_F","Raffinose_F",10,1
"Stone.Chamber","Sucrose_F","Glucose",0,1
"Stone.Chamber","Sucrose_F","Raffinose",6,1
"Stone.Chamber","Sucrose_F","Melibiose",21,1
"Stone.Chamber","Sucrose_F","Soluble Starch",13,1
"Stone.Chamber","Sucrose_F","Methanol",29,1
"Stone.Chamber","Sucrose_F","Galactitol",22,1
"Stone.Chamber","Sucrose_F","myo-Inositol",26,1
"Stone.Chamber","Sucrose_F","Nitrate",24,1
"Stone.Chamber","Sucrose_F","Vitamin-free",19,1
"Stone.Chamber","Sucrose_F","Starch formation",30,1
"Stone.Chamber","Sucrose_F","Growth at 19°C",0,1
"Stone.Chamber","Maltose_F","Lactose_F",21,1
"Stone.Chamber","Maltose_F","Raffinose_F",10,1
"Stone.Chamber","Maltose_F","Glucose",0,1
"Stone.Chamber","Maltose_F","Raffinose",8,1
"Stone.Chamber","Maltose_F","Melibiose",16,1
"Stone.Chamber","Maltose_F","Soluble Starch",5,1
"Stone.Chamber","Maltose_F","Methanol",22,1
"Stone.Chamber","Maltose_F","Galactitol",16,1
"Stone.Chamber","Maltose_F","myo-Inositol",18,1
"Stone.Chamber","Maltose_F","Nitrate",19,1
"Stone.Chamber","Maltose_F","Vitamin-free",13,1
"Stone.Chamber","Maltose_F","Starch formation",22,1
"Stone.Chamber","Maltose_F","Growth at 19°C",0,1
"Stone.Chamber","Lactose_F","Raffinose_F",0,0.976
"Stone.Chamber","Lactose_F","Glucose",0,1
"Stone.Chamber","Lactose_F","Raffinose",0,0.974
"Stone.Chamber","Lactose_F","Melibiose",0,0.973
"Stone.Chamber","Lactose_F","Soluble Starch",0,0.973
"Stone.Chamber","Lactose_F","Methanol",1,1
"Stone.Chamber","Lactose_F","Galactitol",1,1
"Stone.Chamber","Lactose_F","myo-Inositol",1,1
"Stone.Chamber","Lactose_F","Nitrate",1,1
"Stone.Chamber","Lactose_F","Vitamin-free",0,0.975
"Stone.Chamber","Lactose_F","Starch formation",1,1
"Stone.Chamber","Lactose_F","Growth at 19°C",0,1
"Stone.Chamber","Raffinose_F","Glucose",0,1
"Stone.Chamber","Raffinose_F","Raffinose",0,0.86
"Stone.Chamber","Raffinose_F","Melibiose",12,1
"Stone.Chamber","Raffinose_F","Soluble Starch",9,1
"Stone.Chamber","Raffinose_F","Methanol",19,1
"Stone.Chamber","Raffinose_F","Galactitol",13,1
"Stone.Chamber","Raffinose_F","myo-Inositol",17,1
"Stone.Chamber","Raffinose_F","Nitrate",15,1
"Stone.Chamber","Raffinose_F","Vitamin-free",13,1
"Stone.Chamber","Raffinose_F","Starch formation",20,1
"Stone.Chamber","Raffinose_F","Growth at 19°C",0,1
"Stone.Chamber","Glucose","Raffinose",58,1
"Stone.Chamber","Glucose","Melibiose",76,1
"Stone.Chamber","Glucose","Soluble Starch",60,1
"Stone.Chamber","Glucose","Methanol",85,1
"Stone.Chamber","Glucose","Galactitol",73,1
"Stone.Chamber","Glucose","myo-Inositol",81,1
"Stone.Chamber","Glucose","Nitrate",79,1
"Stone.Chamber","Glucose","Vitamin-free",71,1
"Stone.Chamber","Glucose","Starch formation",84,1
"Stone.Chamber","Glucose","Growth at 19°C",5,1
"Stone.Chamber","Raffinose","Melibiose",18,1
"Stone.Chamber","Raffinose","Soluble Starch",15,1
"Stone.Chamber","Raffinose","Methanol",31,1
"Stone.Chamber","Raffinose","Galactitol",19,1
"Stone.Chamber","Raffinose","myo-Inositol",24,1
"Stone.Chamber","Raffinose","Nitrate",26,1
"Stone.Chamber","Raffinose","Vitamin-free",23,1
"Stone.Chamber","Raffinose","Starch formation",32,1
"Stone.Chamber","Raffinose","Growth at 19°C",0,1
"Stone.Chamber","Melibiose","Soluble Starch",4,1
"Stone.Chamber","Melibiose","Methanol",14,1
"Stone.Chamber","Melibiose","Galactitol",6,1
"Stone.Chamber","Melibiose","myo-Inositol",10,1
"Stone.Chamber","Melibiose","Nitrate",13,1
"Stone.Chamber","Melibiose","Vitamin-free",12,1
"Stone.Chamber","Melibiose","Starch formation",14,1
"Stone.Chamber","Melibiose","Growth at 19°C",0,1
"Stone.Chamber","Soluble Starch","Methanol",30,1
"Stone.Chamber","Soluble Starch","Galactitol",20,1
"Stone.Chamber","Soluble Starch","myo-Inositol",24,1
"Stone.Chamber","Soluble Starch","Nitrate",26,1
"Stone.Chamber","Soluble Starch","Vitamin-free",21,1
"Stone.Chamber","Soluble Starch","Starch formation",30,1
"Stone.Chamber","Soluble Starch","Growth at 19°C",0,1
"Stone.Chamber","Methanol","Galactitol",4,1
"Stone.Chamber","Methanol","myo-Inositol",5,1
"Stone.Chamber","Methanol","Nitrate",3,1
"Stone.Chamber","Methanol","Vitamin-free",4,1
"Stone.Chamber","Methanol","Starch formation",4,1
"Stone.Chamber","Methanol","Growth at 19°C",0,1
"Stone.Chamber","Galactitol","myo-Inositol",10,1
"Stone.Chamber","Galactitol","Nitrate",15,1
"Stone.Chamber","Galactitol","Vitamin-free",14,1
"Stone.Chamber","Galactitol","Starch formation",17,1
"Stone.Chamber","Galactitol","Growth at 19°C",0,1
"Stone.Chamber","myo-Inositol","Nitrate",8,1
"Stone.Chamber","myo-Inositol","Vitamin-free",8,1
"Stone.Chamber","myo-Inositol","Starch formation",9,1
"Stone.Chamber","myo-Inositol","Growth at 19°C",0,1
"Stone.Chamber","Nitrate","Vitamin-free",9,1
"Stone.Chamber","Nitrate","Starch formation",11,1
"Stone.Chamber","Nitrate","Growth at 19°C",0,1
"Stone.Chamber","Vitamin-free","Starch formation",18,1
"Stone.Chamber","Vitamin-free","Growth at 19°C",0,1
"Stone.Chamber","Starch formation","Growth at 19°C",1,1
"Lichen","Sucrose_F","Maltose_F",10,1
"Lichen","Sucrose_F","Lactose_F",29,1
"Lichen","Sucrose_F","Raffinose_F",10,1
"Lichen","Sucrose_F","Glucose",0,1
"Lichen","Sucrose_F","Inulin",20,1
"Lichen","Sucrose_F","Raffinose",6,1
"Lichen","Sucrose_F","myo-Inositol",26,1
"Lichen","Sucrose_F","DL-Lactate",10,1
"Lichen","Sucrose_F","Vitamin-free",19,1
"Lichen","Maltose_F","Lactose_F",21,1
"Lichen","Maltose_F","Raffinose_F",10,1
"Lichen","Maltose_F","Glucose",0,1
"Lichen","Maltose_F","Inulin",16,1
"Lichen","Maltose_F","Raffinose",8,1
"Lichen","Maltose_F","myo-Inositol",18,1
"Lichen","Maltose_F","DL-Lactate",9,1
"Lichen","Maltose_F","Vitamin-free",13,1
"Lichen","Lactose_F","Raffinose_F",0,0.95
"Lichen","Lactose_F","Glucose",0,1
"Lichen","Lactose_F","Inulin",1,0.997
"Lichen","Lactose_F","Raffinose",0,0.954
"Lichen","Lactose_F","myo-Inositol",1,0.997
"Lichen","Lactose_F","DL-Lactate",1,0.999
"Lichen","Lactose_F","Vitamin-free",0,0.949
"Lichen","Raffinose_F","Glucose",0,1
"Lichen","Raffinose_F","Inulin",10,1
"Lichen","Raffinose_F","Raffinose",0,0.768
"Lichen","Raffinose_F","myo-Inositol",17,1
"Lichen","Raffinose_F","DL-Lactate",7,1
"Lichen","Raffinose_F","Vitamin-free",13,1
"Lichen","Glucose","Inulin",79,1
"Lichen","Glucose","Raffinose",58,1
"Lichen","Glucose","myo-Inositol",81,1
"Lichen","Glucose","DL-Lactate",40,1
"Lichen","Glucose","Vitamin-free",71,1
"Lichen","Inulin","Raffinose",0,0.82
"Lichen","Inulin","myo-Inositol",10,1
"Lichen","Inulin","DL-Lactate",4,1
"Lichen","Inulin","Vitamin-free",7,1
"Lichen","Raffinose","myo-Inositol",24,1
"Lichen","Raffinose","DL-Lactate",13,1
"Lichen","Raffinose","Vitamin-free",23,1
"Lichen","myo-Inositol","DL-Lactate",2,1
"Lichen","myo-Inositol","Vitamin-free",8,1
"Lichen","DL-Lactate","Vitamin-free",38,1
"Pollen","Glucose","Inulin",79,1
"Pollen","Glucose","Melibiose",76,1
"Pollen","Glucose","Lactose",77,1
"Pollen","Glucose","Methanol",85,1
"Pollen","Glucose","Galactitol",73,1
"Pollen","Glucose","myo-Inositol",81,1
"Pollen","Glucose","DL-Lactate",40,1
"Pollen","Glucose","Starch formation",84,1
"Pollen","Inulin","Melibiose",5,1
"Pollen","Inulin","Lactose",7,1
"Pollen","Inulin","Methanol",11,1
"Pollen","Inulin","Galactitol",6,1
"Pollen","Inulin","myo-Inositol",10,1
"Pollen","Inulin","DL-Lactate",4,1
"Pollen","Inulin","Starch formation",11,1
"Pollen","Melibiose","Lactose",7,1
"Pollen","Melibiose","Methanol",14,1
"Pollen","Melibiose","Galactitol",6,1
"Pollen","Melibiose","myo-Inositol",10,1
"Pollen","Melibiose","DL-Lactate",6,1
"Pollen","Melibiose","Starch formation",14,1
"Pollen","Lactose","Methanol",13,1
"Pollen","Lactose","Galactitol",7,1
"Pollen","Lactose","myo-Inositol",9,1
"Pollen","Lactose","DL-Lactate",8,1
"Pollen","Lactose","Starch formation",12,1
"Pollen","Methanol","Galactitol",4,1
"Pollen","Methanol","myo-Inositol",5,1
"Pollen","Methanol","DL-Lactate",4,1
"Pollen","Methanol","Starch formation",4,1
"Pollen","Galactitol","myo-Inositol",10,1
"Pollen","Galactitol","DL-Lactate",8,1
"Pollen","Galactitol","Starch formation",17,1
"Pollen","myo-Inositol","DL-Lactate",2,0.999
"Pollen","myo-Inositol","Starch formation",9,1
"Pollen","DL-Lactate","Starch formation",49,1
"Feces.Dung","Lactose_F","Glucose",0,1
"Feces.Dung","Lactose_F","Melibiose",0,0.735
"Feces.Dung","Lactose_F","myo-Inositol",1,0.961
"Feces.Dung","Lactose_F","Starch formation",1,0.965
"Feces.Dung","Glucose","Melibiose",76,1
"Feces.Dung","Glucose","myo-Inositol",81,1
"Feces.Dung","Glucose","Starch formation",84,1
"Feces.Dung","Melibiose","myo-Inositol",10,1
"Feces.Dung","Melibiose","Starch formation",14,1
"Feces.Dung","myo-Inositol","Starch formation",9,1
"Pine","Lactose_F","Glucose",0,1
"Pine","Lactose_F","Inulin",1,0.9
"Pine","Glucose","Inulin",79,1
"Bromeliad","Galactose_F","Sucrose_F",12,1
"Bromeliad","Galactose_F","Trehalose_F",10,1
"Bromeliad","Galactose_F","Glucose",0,1
"Bromeliad","Galactose_F","Inulin",24,1
"Bromeliad","Galactose_F","Raffinose",16,1
"Bromeliad","Galactose_F","Melibiose",24,1
"Bromeliad","Galactose_F","Lactose",22,1
"Bromeliad","Galactose_F","Soluble Starch",14,1
"Bromeliad","Galactose_F","L-Arabinose",10,1
"Bromeliad","Galactose_F","D-Arabinose",15,1
"Bromeliad","Galactose_F","Methanol",29,1
"Bromeliad","Galactose_F","Galactitol",21,1
"Bromeliad","Galactose_F","myo-Inositol",27,1
"Bromeliad","Galactose_F","DL-Lactate",17,1
"Bromeliad","Galactose_F","Succinate",0,0.852
"Bromeliad","Galactose_F","Nitrate",27,1
"Bromeliad","Galactose_F","Growth at 37°C",4,1
"Bromeliad","Sucrose_F","Trehalose_F",9,1
"Bromeliad","Sucrose_F","Glucose",0,1
"Bromeliad","Sucrose_F","Inulin",20,1
"Bromeliad","Sucrose_F","Raffinose",6,1
"Bromeliad","Sucrose_F","Melibiose",21,1
"Bromeliad","Sucrose_F","Lactose",22,1
"Bromeliad","Sucrose_F","Soluble Starch",13,1
"Bromeliad","Sucrose_F","L-Arabinose",10,1
"Bromeliad","Sucrose_F","D-Arabinose",17,1
"Bromeliad","Sucrose_F","Methanol",29,1
"Bromeliad","Sucrose_F","Galactitol",22,1
"Bromeliad","Sucrose_F","myo-Inositol",26,1
"Bromeliad","Sucrose_F","DL-Lactate",10,1
"Bromeliad","Sucrose_F","Succinate",0,0.88
"Bromeliad","Sucrose_F","Nitrate",24,1
"Bromeliad","Sucrose_F","Growth at 37°C",5,1
"Bromeliad","Trehalose_F","Glucose",0,1
"Bromeliad","Trehalose_F","Inulin",24,1
"Bromeliad","Trehalose_F","Raffinose",15,1
"Bromeliad","Trehalose_F","Melibiose",22,1
"Bromeliad","Trehalose_F","Lactose",23,1
"Bromeliad","Trehalose_F","Soluble Starch",15,1
"Bromeliad","Trehalose_F","L-Arabinose",9,1
"Bromeliad","Trehalose_F","D-Arabinose",16,1
"Bromeliad","Trehalose_F","Methanol",29,1
"Bromeliad","Trehalose_F","Galactitol",21,1
"Bromeliad","Trehalose_F","myo-Inositol",28,1
"Bromeliad","Trehalose_F","DL-Lactate",18,1
"Bromeliad","Trehalose_F","Succinate",3,1
"Bromeliad","Trehalose_F","Nitrate",27,1
"Bromeliad","Trehalose_F","Growth at 37°C",6,1
"Bromeliad","Glucose","Inulin",79,1
"Bromeliad","Glucose","Raffinose",58,1
"Bromeliad","Glucose","Melibiose",76,1
"Bromeliad","Glucose","Lactose",77,1
"Bromeliad","Glucose","Soluble Starch",60,1
"Bromeliad","Glucose","L-Arabinose",49,1
"Bromeliad","Glucose","D-Arabinose",61,1
"Bromeliad","Glucose","Methanol",85,1
"Bromeliad","Glucose","Galactitol",73,1
"Bromeliad","Glucose","myo-Inositol",81,1
"Bromeliad","Glucose","DL-Lactate",40,1
"Bromeliad","Glucose","Succinate",11,1
"Bromeliad","Glucose","Nitrate",79,1
"Bromeliad","Glucose","Growth at 37°C",24,1
"Bromeliad","Inulin","Raffinose",0,0.908
"Bromeliad","Inulin","Melibiose",5,1
"Bromeliad","Inulin","Lactose",7,1
"Bromeliad","Inulin","Soluble Starch",6,1
"Bromeliad","Inulin","L-Arabinose",3,1
"Bromeliad","Inulin","D-Arabinose",4,1
"Bromeliad","Inulin","Methanol",11,1
"Bromeliad","Inulin","Galactitol",6,1
"Bromeliad","Inulin","myo-Inositol",10,1
"Bromeliad","Inulin","DL-Lactate",4,1
"Bromeliad","Inulin","Succinate",0,0.937
"Bromeliad","Inulin","Nitrate",10,1
"Bromeliad","Inulin","Growth at 37°C",2,1
"Bromeliad","Raffinose","Melibiose",18,1
"Bromeliad","Raffinose","Lactose",22,1
"Bromeliad","Raffinose","Soluble Starch",15,1
"Bromeliad","Raffinose","L-Arabinose",10,1
"Bromeliad","Raffinose","D-Arabinose",15,1
"Bromeliad","Raffinose","Methanol",31,1
"Bromeliad","Raffinose","Galactitol",19,1
"Bromeliad","Raffinose","myo-Inositol",24,1
"Bromeliad","Raffinose","DL-Lactate",13,1
"Bromeliad","Raffinose","Succinate",1,0.991
"Bromeliad","Raffinose","Nitrate",26,1
"Bromeliad","Raffinose","Growth at 37°C",8,1
"Bromeliad","Melibiose","Lactose",7,1
"Bromeliad","Melibiose","Soluble Starch",4,1
"Bromeliad","Melibiose","L-Arabinose",1,0.999
"Bromeliad","Melibiose","D-Arabinose",4,1
"Bromeliad","Melibiose","Methanol",14,1
"Bromeliad","Melibiose","Galactitol",6,1
"Bromeliad","Melibiose","myo-Inositol",10,1
"Bromeliad","Melibiose","DL-Lactate",6,1
"Bromeliad","Melibiose","Succinate",0,0.953
"Bromeliad","Melibiose","Nitrate",13,1
"Bromeliad","Melibiose","Growth at 37°C",5,1
"Bromeliad","Lactose","Soluble Starch",3,1
"Bromeliad","Lactose","L-Arabinose",0,0.937
"Bromeliad","Lactose","D-Arabinose",3,1
"Bromeliad","Lactose","Methanol",13,1
"Bromeliad","Lactose","Galactitol",7,1
"Bromeliad","Lactose","myo-Inositol",9,1
"Bromeliad","Lactose","DL-Lactate",8,1
"Bromeliad","Lactose","Succinate",0,0.952
"Bromeliad","Lactose","Nitrate",12,1
"Bromeliad","Lactose","Growth at 37°C",5,1
"Bromeliad","Soluble Starch","L-Arabinose",6,1
"Bromeliad","Soluble Starch","D-Arabinose",17,1
"Bromeliad","Soluble Starch","Methanol",30,1
"Bromeliad","Soluble Starch","Galactitol",20,1
"Bromeliad","Soluble Starch","myo-Inositol",24,1
"Bromeliad","Soluble Starch","DL-Lactate",13,1
"Bromeliad","Soluble Starch","Succinate",2,1
"Bromeliad","Soluble Starch","Nitrate",26,1
"Bromeliad","Soluble Starch","Growth at 37°C",6,1
"Bromeliad","L-Arabinose","D-Arabinose",16,1
"Bromeliad","L-Arabinose","Methanol",38,1
"Bromeliad","L-Arabinose","Galactitol",24,1
"Bromeliad","L-Arabinose","myo-Inositol",33,1
"Bromeliad","L-Arabinose","DL-Lactate",22,1
"Bromeliad","L-Arabinose","Succinate",2,1
"Bromeliad","L-Arabinose","Nitrate",35,1
"Bromeliad","L-Arabinose","Growth at 37°C",12,1
"Bromeliad","D-Arabinose","Methanol",27,1
"Bromeliad","D-Arabinose","Galactitol",13,1
"Bromeliad","D-Arabinose","myo-Inositol",21,1
"Bromeliad","D-Arabinose","DL-Lactate",13,1
"Bromeliad","D-Arabinose","Succinate",1,0.994
"Bromeliad","D-Arabinose","Nitrate",24,1
"Bromeliad","D-Arabinose","Growth at 37°C",7,1
"Bromeliad","Methanol","Galactitol",4,1
"Bromeliad","Methanol","myo-Inositol",5,1
"Bromeliad","Methanol","DL-Lactate",4,1
"Bromeliad","Methanol","Succinate",1,1
"Bromeliad","Methanol","Nitrate",3,1
"Bromeliad","Methanol","Growth at 37°C",1,0.998
"Bromeliad","Galactitol","myo-Inositol",10,1
"Bromeliad","Galactitol","DL-Lactate",8,1
"Bromeliad","Galactitol","Succinate",1,0.999
"Bromeliad","Galactitol","Nitrate",15,1
"Bromeliad","Galactitol","Growth at 37°C",5,1
"Bromeliad","myo-Inositol","DL-Lactate",2,1
"Bromeliad","myo-Inositol","Succinate",1,1
"Bromeliad","myo-Inositol","Nitrate",8,1
"Bromeliad","myo-Inositol","Growth at 37°C",2,1
"Bromeliad","DL-Lactate","Succinate",3,1
"Bromeliad","DL-Lactate","Nitrate",43,1
"Bromeliad","DL-Lactate","Growth at 37°C",11,1
"Bromeliad","Succinate","Nitrate",68,1
"Bromeliad","Succinate","Growth at 37°C",22,1
"Bromeliad","Nitrate","Growth at 37°C",2,1
"Flower","Glucose","myo-Inositol",81,1
"Cactus","Glucose","Vitamin-free",71,1
"Ipomoea","Glucose","Lactose",77,1
"Ipomoea","Glucose","Soluble Starch",60,1
"Ipomoea","Glucose","Methanol",85,1
"Ipomoea","Glucose","Erythritol",62,1
"Ipomoea","Glucose","myo-Inositol",81,1
"Ipomoea","Glucose","Vitamin-free",71,1
"Ipomoea","Glucose","Starch formation",84,1
"Ipomoea","Lactose","Soluble Starch",3,0.998
"Ipomoea","Lactose","Methanol",13,1
"Ipomoea","Lactose","Erythritol",3,0.996
"Ipomoea","Lactose","myo-Inositol",9,1
"Ipomoea","Lactose","Vitamin-free",9,1
"Ipomoea","Lactose","Starch formation",12,1
"Ipomoea","Soluble Starch","Methanol",30,1
"Ipomoea","Soluble Starch","Erythritol",14,1
"Ipomoea","Soluble Starch","myo-Inositol",24,1
"Ipomoea","Soluble Starch","Vitamin-free",21,1
"Ipomoea","Soluble Starch","Starch formation",30,1
"Ipomoea","Methanol","Erythritol",2,0.956
"Ipomoea","Methanol","myo-Inositol",5,1
"Ipomoea","Methanol","Vitamin-free",4,0.999
"Ipomoea","Methanol","Starch formation",4,0.999
"Ipomoea","Erythritol","myo-Inositol",21,1
"Ipomoea","Erythritol","Vitamin-free",22,1
"Ipomoea","Erythritol","Starch formation",28,1
"Ipomoea","myo-Inositol","Vitamin-free",8,1
"Ipomoea","myo-Inositol","Starch formation",9,1
"Ipomoea","Vitamin-free","Starch formation",18,1
"Oak","Glucose","Galactitol",73,1
"Hibiscus","Glucose","Lactose",77,1
"Hibiscus","Glucose","L-Rhamnose",62,1
"Hibiscus","Glucose","Methanol",85,1
"Hibiscus","Glucose","Erythritol",62,1
"Hibiscus","Glucose","myo-Inositol",81,1
"Hibiscus","Glucose","Starch formation",84,1
"Hibiscus","Lactose","L-Rhamnose",7,1
"Hibiscus","Lactose","Methanol",13,1
"Hibiscus","Lactose","Erythritol",3,0.999
"Hibiscus","Lactose","myo-Inositol",9,1
"Hibiscus","Lactose","Starch formation",12,1
"Hibiscus","L-Rhamnose","Methanol",26,1
"Hibiscus","L-Rhamnose","Erythritol",13,1
"Hibiscus","L-Rhamnose","myo-Inositol",20,1
"Hibiscus","L-Rhamnose","Starch formation",28,1
"Hibiscus","Methanol","Erythritol",2,0.995
"Hibiscus","Methanol","myo-Inositol",5,1
"Hibiscus","Methanol","Starch formation",4,1
"Hibiscus","Erythritol","myo-Inositol",21,1
"Hibiscus","Erythritol","Starch formation",28,1
"Hibiscus","myo-Inositol","Starch formation",9,1
"Beetle","Glucose","Raffinose",58,0
"Ant","Lactose_F","Trehalose_F",0,0.927
"Ant","Lactose_F","Glucose",0,1
"Ant","Lactose_F","Methanol",1,0.998
"Ant","Lactose_F","Nitrate",1,0.999
"Ant","Lactose_F","Starch formation",1,0.998
"Ant","Trehalose_F","Glucose",0,1
"Ant","Trehalose_F","Methanol",29,1
"Ant","Trehalose_F","Nitrate",27,1
"Ant","Trehalose_F","Starch formation",31,1
"Ant","Glucose","Methanol",85,1
"Ant","Glucose","Nitrate",79,1
"Ant","Glucose","Starch formation",84,1
"Ant","Methanol","Nitrate",3,1
"Ant","Methanol","Starch formation",4,1
"Ant","Nitrate","Starch formation",11,1
"Fruit.fly","Glucose","Erythritol",62,1
"Bee","Glucose","Methanol",85,1
"Water","Lactose_F","Raffinose_F",0,0.94
"Water","Lactose_F","Glucose",0,1
"Water","Lactose_F","Inulin",1,0.999
"Water","Lactose_F","Raffinose",0,0.946
"Water","Lactose_F","Melibiose",0,0.939
"Water","Lactose_F","Galactitol",1,0.999
"Water","Lactose_F","myo-Inositol",1,0.998
"Water","Lactose_F","Starch formation",1,0.999
"Water","Raffinose_F","Glucose",0,1
"Water","Raffinose_F","Inulin",10,1
"Water","Raffinose_F","Raffinose",0,0.81
"Water","Raffinose_F","Melibiose",12,1
"Water","Raffinose_F","Galactitol",13,1
"Water","Raffinose_F","myo-Inositol",17,1
"Water","Raffinose_F","Starch formation",20,1
"Water","Glucose","Inulin",79,1
"Water","Glucose","Raffinose",58,1
"Water","Glucose","Melibiose",76,1
"Water","Glucose","Galactitol",73,1
"Water","Glucose","myo-Inositol",81,1
"Water","Glucose","Starch formation",84,1
"Water","Inulin","Raffinose",0,0.821
"Water","Inulin","Melibiose",5,1
"Water","Inulin","Galactitol",6,1
"Water","Inulin","myo-Inositol",10,1
"Water","Inulin","Starch formation",11,1
"Water","Raffinose","Melibiose",18,1
"Water","Raffinose","Galactitol",19,1
"Water","Raffinose","myo-Inositol",24,1
"Water","Raffinose","Starch formation",32,1
"Water","Melibiose","Galactitol",6,1
"Water","Melibiose","myo-Inositol",10,1
"Water","Melibiose","Starch formation",14,1
"Water","Galactitol","myo-Inositol",10,1
"Water","Galactitol","Starch formation",17,1
"Water","myo-Inositol","Starch formation",9,1
"Tree.exudate","Glucose","Starch formation",84,1
"Tree.flux","Glucose","L-Arabinose",49,1
"Honey","Lactose_F","Trehalose_F",0,0.958
"Honey","Lactose_F","Glucose",0,1
"Honey","Lactose_F","Inulin",1,1
"Honey","Lactose_F","Methanol",1,1
"Honey","Trehalose_F","Glucose",0,1
"Honey","Trehalose_F","Inulin",24,1
"Honey","Trehalose_F","Methanol",29,1
"Honey","Glucose","Inulin",79,1
"Honey","Glucose","Methanol",85,1
"Honey","Inulin","Methanol",11,1
"Nematode","Glucose_F","Galactose_F",37,1
"Nematode","Glucose_F","Sucrose_F",38,1
"Nematode","Glucose_F","Maltose_F",46,1
"Nematode","Glucose_F","Lactose_F",67,1
"Nematode","Glucose_F","Raffinose_F",48,1
"Nematode","Glucose_F","Trehalose_F",37,1
"Nematode","Glucose_F","Glucose",0,1
"Nematode","Glucose_F","Inulin",57,1
"Nematode","Glucose_F","Raffinose",41,1
"Nematode","Glucose_F","Melibiose",57,1
"Nematode","Glucose_F","Galactose",24,1
"Nematode","Glucose_F","Lactose",56,1
"Nematode","Glucose_F","Maltose",25,1
"Nematode","Glucose_F","Melezitose",27,1
"Nematode","Glucose_F","Methyl-?-D-glucoside",28,1
"Nematode","Glucose_F","Cellobiose",25,1
"Nematode","Glucose_F","Salicin",26,1
"Nematode","Glucose_F","L-Rhamnose",45,1
"Nematode","Glucose_F","L-Arabinose",35,1
"Nematode","Glucose_F","D-Arabinose",45,1
"Nematode","Glucose_F","D-Ribose",33,1
"Nematode","Glucose_F","Methanol",65,1
"Nematode","Glucose_F","Erythritol",48,1
"Nematode","Glucose_F","Ribitol",27,1
"Nematode","Glucose_F","Galactitol",55,1
"Nematode","Glucose_F","myo-Inositol",64,1
"Nematode","Glucose_F","Citrate",19,1
"Nematode","Glucose_F","D-Gluconate",18,1
"Nematode","Glucose_F","D-Glucosamine",35,1
"Nematode","Glucose_F","Nitrate",57,1
"Nematode","Galactose_F","Sucrose_F",12,1
"Nematode","Galactose_F","Maltose_F",12,1
"Nematode","Galactose_F","Lactose_F",30,1
"Nematode","Galactose_F","Raffinose_F",18,1
"Nematode","Galactose_F","Trehalose_F",10,1
"Nematode","Galactose_F","Glucose",0,1
"Nematode","Galactose_F","Inulin",24,1
"Nematode","Galactose_F","Raffinose",16,1
"Nematode","Galactose_F","Melibiose",24,1
"Nematode","Galactose_F","Galactose",1,0.989
"Nematode","Galactose_F","Lactose",22,1
"Nematode","Galactose_F","Maltose",6,1
"Nematode","Galactose_F","Melezitose",8,1
"Nematode","Galactose_F","Methyl-?-D-glucoside",7,1
"Nematode","Galactose_F","Cellobiose",9,1
"Nematode","Galactose_F","Salicin",9,1
"Nematode","Galactose_F","L-Rhamnose",18,1
"Nematode","Galactose_F","L-Arabinose",10,1
"Nematode","Galactose_F","D-Arabinose",15,1
"Nematode","Galactose_F","D-Ribose",6,1
"Nematode","Galactose_F","Methanol",29,1
"Nematode","Galactose_F","Erythritol",17,1
"Nematode","Galactose_F","Ribitol",3,1
"Nematode","Galactose_F","Galactitol",21,1
"Nematode","Galactose_F","myo-Inositol",27,1
"Nematode","Galactose_F","Citrate",7,1
"Nematode","Galactose_F","D-Gluconate",9,1
"Nematode","Galactose_F","D-Glucosamine",8,1
"Nematode","Galactose_F","Nitrate",27,1
"Nematode","Sucrose_F","Maltose_F",10,1
"Nematode","Sucrose_F","Lactose_F",29,1
"Nematode","Sucrose_F","Raffinose_F",10,1
"Nematode","Sucrose_F","Trehalose_F",9,1
"Nematode","Sucrose_F","Glucose",0,1
"Nematode","Sucrose_F","Inulin",20,1
"Nematode","Sucrose_F","Raffinose",6,1
"Nematode","Sucrose_F","Melibiose",21,1
"Nematode","Sucrose_F","Galactose",7,1
"Nematode","Sucrose_F","Lactose",22,1
"Nematode","Sucrose_F","Maltose",2,1
"Nematode","Sucrose_F","Melezitose",2,1
"Nematode","Sucrose_F","Methyl-?-D-glucoside",3,1
"Nematode","Sucrose_F","Cellobiose",4,1
"Nematode","Sucrose_F","Salicin",5,1
"Nematode","Sucrose_F","L-Rhamnose",16,1
"Nematode","Sucrose_F","L-Arabinose",10,1
"Nematode","Sucrose_F","D-Arabinose",17,1
"Nematode","Sucrose_F","D-Ribose",10,1
"Nematode","Sucrose_F","Methanol",29,1
"Nematode","Sucrose_F","Erythritol",20,1
"Nematode","Sucrose_F","Ribitol",7,1
"Nematode","Sucrose_F","Galactitol",22,1
"Nematode","Sucrose_F","myo-Inositol",26,1
"Nematode","Sucrose_F","Citrate",2,1
"Nematode","Sucrose_F","D-Gluconate",4,1
"Nematode","Sucrose_F","D-Glucosamine",10,1
"Nematode","Sucrose_F","Nitrate",24,1
"Nematode","Maltose_F","Lactose_F",21,1
"Nematode","Maltose_F","Raffinose_F",10,1
"Nematode","Maltose_F","Trehalose_F",5,1
"Nematode","Maltose_F","Glucose",0,1
"Nematode","Maltose_F","Inulin",16,1
"Nematode","Maltose_F","Raffinose",8,1
"Nematode","Maltose_F","Melibiose",16,1
"Nematode","Maltose_F","Galactose",2,1
"Nematode","Maltose_F","Lactose",16,1
"Nematode","Maltose_F","Maltose",0,0.917
"Nematode","Maltose_F","Melezitose",1,0.999
"Nematode","Maltose_F","Methyl-?-D-glucoside",1,0.998
"Nematode","Maltose_F","Cellobiose",5,1
"Nematode","Maltose_F","Salicin",4,1
"Nematode","Maltose_F","L-Rhamnose",12,1
"Nematode","Maltose_F","L-Arabinose",7,1
"Nematode","Maltose_F","D-Arabinose",13,1
"Nematode","Maltose_F","D-Ribose",5,1
"Nematode","Maltose_F","Methanol",22,1
"Nematode","Maltose_F","Erythritol",14,1
"Nematode","Maltose_F","Ribitol",2,1
"Nematode","Maltose_F","Galactitol",16,1
"Nematode","Maltose_F","myo-Inositol",18,1
"Nematode","Maltose_F","Citrate",2,1
"Nematode","Maltose_F","D-Gluconate",4,1
"Nematode","Maltose_F","D-Glucosamine",4,1
"Nematode","Maltose_F","Nitrate",19,1
"Nematode","Lactose_F","Raffinose_F",0,0.978
"Nematode","Lactose_F","Trehalose_F",0,0.978
"Nematode","Lactose_F","Glucose",0,1
"Nematode","Lactose_F","Inulin",1,1
"Nematode","Lactose_F","Raffinose",0,0.978
"Nematode","Lactose_F","Melibiose",0,0.978
"Nematode","Lactose_F","Galactose",0,0.978
"Nematode","Lactose_F","Lactose",0,0.978
"Nematode","Lactose_F","Maltose",0,0.98
"Nematode","Lactose_F","Melezitose",0,0.98
"Nematode","Lactose_F","Methyl-?-D-glucoside",0,0.981
"Nematode","Lactose_F","Cellobiose",0,0.981
"Nematode","Lactose_F","Salicin",0,0.982
"Nematode","Lactose_F","L-Rhamnose",1,1
"Nematode","Lactose_F","L-Arabinose",0,0.981
"Nematode","Lactose_F","D-Arabinose",1,1
"Nematode","Lactose_F","D-Ribose",0,0.978
"Nematode","Lactose_F","Methanol",1,1
"Nematode","Lactose_F","Erythritol",0,0.98
"Nematode","Lactose_F","Ribitol",0,0.979
"Nematode","Lactose_F","Galactitol",1,1
"Nematode","Lactose_F","myo-Inositol",1,1
"Nematode","Lactose_F","Citrate",0,0.98
"Nematode","Lactose_F","D-Gluconate",0,0.979
"Nematode","Lactose_F","D-Glucosamine",0,0.978
"Nematode","Lactose_F","Nitrate",1,1
"Nematode","Raffinose_F","Trehalose_F",7,1
"Nematode","Raffinose_F","Glucose",0,1
"Nematode","Raffinose_F","Inulin",10,1
"Nematode","Raffinose_F","Raffinose",0,0.919
"Nematode","Raffinose_F","Melibiose",12,1
"Nematode","Raffinose_F","Galactose",6,1
"Nematode","Raffinose_F","Lactose",13,1
"Nematode","Raffinose_F","Maltose",1,0.994
"Nematode","Raffinose_F","Melezitose",1,0.995
"Nematode","Raffinose_F","Methyl-?-D-glucoside",1,0.993
"Nematode","Raffinose_F","Cellobiose",1,0.994
"Nematode","Raffinose_F","Salicin",2,1
"Nematode","Raffinose_F","L-Rhamnose",11,1
"Nematode","Raffinose_F","L-Arabinose",6,1
"Nematode","Raffinose_F","D-Arabinose",10,1
"Nematode","Raffinose_F","D-Ribose",7,1
"Nematode","Raffinose_F","Methanol",19,1
"Nematode","Raffinose_F","Erythritol",12,1
"Nematode","Raffinose_F","Ribitol",5,1
"Nematode","Raffinose_F","Galactitol",13,1
"Nematode","Raffinose_F","myo-Inositol",17,1
"Nematode","Raffinose_F","Citrate",2,1
"Nematode","Raffinose_F","D-Gluconate",4,1
"Nematode","Raffinose_F","D-Glucosamine",8,1
"Nematode","Raffinose_F","Nitrate",15,1
"Nematode","Trehalose_F","Glucose",0,1
"Nematode","Trehalose_F","Inulin",24,1
"Nematode","Trehalose_F","Raffinose",15,1
"Nematode","Trehalose_F","Melibiose",22,1
"Nematode","Trehalose_F","Galactose",5,1
"Nematode","Trehalose_F","Lactose",23,1
"Nematode","Trehalose_F","Maltose",5,1
"Nematode","Trehalose_F","Melezitose",6,1
"Nematode","Trehalose_F","Methyl-?-D-glucoside",6,1
"Nematode","Trehalose_F","Cellobiose",9,1
"Nematode","Trehalose_F","Salicin",9,1
"Nematode","Trehalose_F","L-Rhamnose",15,1
"Nematode","Trehalose_F","L-Arabinose",9,1
"Nematode","Trehalose_F","D-Arabinose",16,1
"Nematode","Trehalose_F","D-Ribose",9,1
"Nematode","Trehalose_F","Methanol",29,1
"Nematode","Trehalose_F","Erythritol",18,1
"Nematode","Trehalose_F","Ribitol",4,1
"Nematode","Trehalose_F","Galactitol",21,1
"Nematode","Trehalose_F","myo-Inositol",28,1
"Nematode","Trehalose_F","Citrate",6,1
"Nematode","Trehalose_F","D-Gluconate",4,1
"Nematode","Trehalose_F","D-Glucosamine",9,1
"Nematode","Trehalose_F","Nitrate",27,1
"Nematode","Glucose","Inulin",79,1
"Nematode","Glucose","Raffinose",58,1
"Nematode","Glucose","Melibiose",76,1
"Nematode","Glucose","Galactose",28,1
"Nematode","Glucose","Lactose",77,1
"Nematode","Glucose","Maltose",41,1
"Nematode","Glucose","Melezitose",46,1
"Nematode","Glucose","Methyl-?-D-glucoside",46,1
"Nematode","Glucose","Cellobiose",37,1
"Nematode","Glucose","Salicin",37,1
"Nematode","Glucose","L-Rhamnose",62,1
"Nematode","Glucose","L-Arabinose",49,1
"Nematode","Glucose","D-Arabinose",61,1
"Nematode","Glucose","D-Ribose",48,1
"Nematode","Glucose","Methanol",85,1
"Nematode","Glucose","Erythritol",62,1
"Nematode","Glucose","Ribitol",35,1
"Nematode","Glucose","Galactitol",73,1
"Nematode","Glucose","myo-Inositol",81,1
"Nematode","Glucose","Citrate",24,1
"Nematode","Glucose","D-Gluconate",27,1
"Nematode","Glucose","D-Glucosamine",52,1
"Nematode","Glucose","Nitrate",79,1
"Nematode","Inulin","Raffinose",0,0.93
"Nematode","Inulin","Melibiose",5,1
"Nematode","Inulin","Galactose",2,1
"Nematode","Inulin","Lactose",7,1
"Nematode","Inulin","Maltose",0,0.936
"Nematode","Inulin","Melezitose",0,0.931
"Nematode","Inulin","Methyl-?-D-glucoside",0,0.931
"Nematode","Inulin","Cellobiose",1,1
"Nematode","Inulin","Salicin",1,1
"Nematode","Inulin","L-Rhamnose",6,1
"Nematode","Inulin","L-Arabinose",3,1
"Nematode","Inulin","D-Arabinose",4,1
"Nematode","Inulin","D-Ribose",3,1
"Nematode","Inulin","Methanol",11,1
"Nematode","Inulin","Erythritol",7,1
"Nematode","Inulin","Ribitol",2,1
"Nematode","Inulin","Galactitol",6,1
"Nematode","Inulin","myo-Inositol",10,1
"Nematode","Inulin","Citrate",1,1
"Nematode","Inulin","D-Gluconate",3,1
"Nematode","Inulin","D-Glucosamine",3,1
"Nematode","Inulin","Nitrate",10,1
"Nematode","Raffinose","Melibiose",18,1
"Nematode","Raffinose","Galactose",6,1
"Nematode","Raffinose","Lactose",22,1
"Nematode","Raffinose","Maltose",3,1
"Nematode","Raffinose","Melezitose",6,1
"Nematode","Raffinose","Methyl-?-D-glucoside",6,1
"Nematode","Raffinose","Cellobiose",4,1
"Nematode","Raffinose","Salicin",5,1
"Nematode","Raffinose","L-Rhamnose",15,1
"Nematode","Raffinose","L-Arabinose",10,1
"Nematode","Raffinose","D-Arabinose",15,1
"Nematode","Raffinose","D-Ribose",9,1
"Nematode","Raffinose","Methanol",31,1
"Nematode","Raffinose","Erythritol",16,1
"Nematode","Raffinose","Ribitol",7,1
"Nematode","Raffinose","Galactitol",19,1
"Nematode","Raffinose","myo-Inositol",24,1
"Nematode","Raffinose","Citrate",3,1
"Nematode","Raffinose","D-Gluconate",4,1
"Nematode","Raffinose","D-Glucosamine",11,1
"Nematode","Raffinose","Nitrate",26,1
"Nematode","Melibiose","Galactose",0,0.95
"Nematode","Melibiose","Lactose",7,1
"Nematode","Melibiose","Maltose",0,0.946
"Nematode","Melibiose","Melezitose",2,1
"Nematode","Melibiose","Methyl-?-D-glucoside",1,0.999
"Nematode","Melibiose","Cellobiose",1,0.999
"Nematode","Melibiose","Salicin",1,0.999
"Nematode","Melibiose","L-Rhamnose",5,1
"Nematode","Melibiose","L-Arabinose",1,0.999
"Nematode","Melibiose","D-Arabinose",4,1
"Nematode","Melibiose","D-Ribose",1,0.999
"Nematode","Melibiose","Methanol",14,1
"Nematode","Melibiose","Erythritol",3,1
"Nematode","Melibiose","Ribitol",0,0.947
"Nematode","Melibiose","Galactitol",6,1
"Nematode","Melibiose","myo-Inositol",10,1
"Nematode","Melibiose","Citrate",0,0.947
"Nematode","Melibiose","D-Gluconate",2,1
"Nematode","Melibiose","D-Glucosamine",1,0.999
"Nematode","Melibiose","Nitrate",13,1
"Nematode","Galactose","Lactose",49,1
"Nematode","Galactose","Maltose",20,1
"Nematode","Galactose","Melezitose",25,1
"Nematode","Galactose","Methyl-?-D-glucoside",25,1
"Nematode","Galactose","Cellobiose",25,1
"Nematode","Galactose","Salicin",24,1
"Nematode","Galactose","L-Rhamnose",41,1
"Nematode","Galactose","L-Arabinose",25,1
"Nematode","Galactose","D-Arabinose",35,1
"Nematode","Galactose","D-Ribose",22,1
"Nematode","Galactose","Methanol",58,1
"Nematode","Galactose","Erythritol",35,1
"Nematode","Galactose","Ribitol",11,1
"Nematode","Galactose","Galactitol",45,1
"Nematode","Galactose","myo-Inositol",54,1
"Nematode","Galactose","Citrate",11,1
"Nematode","Galactose","D-Gluconate",16,1
"Nematode","Galactose","D-Glucosamine",29,1
"Nematode","Galactose","Nitrate",56,1
"Nematode","Lactose","Maltose",1,1
"Nematode","Lactose","Melezitose",2,1
"Nematode","Lactose","Methyl-?-D-glucoside",1,0.999
"Nematode","Lactose","Cellobiose",0,0.948
"Nematode","Lactose","Salicin",0,0.949
"Nematode","Lactose","L-Rhamnose",7,1
"Nematode","Lactose","L-Arabinose",0,0.951
"Nematode","Lactose","D-Arabinose",3,1
"Nematode","Lactose","D-Ribose",1,0.999
"Nematode","Lactose","Methanol",13,1
"Nematode","Lactose","Erythritol",3,1
"Nematode","Lactose","Ribitol",0,0.946
"Nematode","Lactose","Galactitol",7,1
"Nematode","Lactose","myo-Inositol",9,1
"Nematode","Lactose","Citrate",0,0.95
"Nematode","Lactose","D-Gluconate",1,0.999
"Nematode","Lactose","D-Glucosamine",3,1
"Nematode","Lactose","Nitrate",12,1
"Nematode","Maltose","Melezitose",5,1
"Nematode","Maltose","Methyl-?-D-glucoside",5,1
"Nematode","Maltose","Cellobiose",11,1
"Nematode","Maltose","Salicin",11,1
"Nematode","Maltose","L-Rhamnose",25,1
"Nematode","Maltose","L-Arabinose",13,1
"Nematode","Maltose","D-Arabinose",27,1
"Nematode","Maltose","D-Ribose",15,1
"Nematode","Maltose","Methanol",47,1
"Nematode","Maltose","Erythritol",27,1
"Nematode","Maltose","Ribitol",6,1
"Nematode","Maltose","Galactitol",32,1
"Nematode","Maltose","myo-Inositol",41,1
"Nematode","Maltose","Citrate",5,1
"Nematode","Maltose","D-Gluconate",6,1
"Nematode","Maltose","D-Glucosamine",18,1
"Nematode","Maltose","Nitrate",41,1
"Nematode","Melezitose","Methyl-?-D-glucoside",2,0.999
"Nematode","Melezitose","Cellobiose",9,1
"Nematode","Melezitose","Salicin",10,1
"Nematode","Melezitose","L-Rhamnose",23,1
"Nematode","Melezitose","L-Arabinose",12,1
"Nematode","Melezitose","D-Arabinose",25,1
"Nematode","Melezitose","D-Ribose",15,1
"Nematode","Melezitose","Methanol",42,1
"Nematode","Melezitose","Erythritol",26,1
"Nematode","Melezitose","Ribitol",6,1
"Nematode","Melezitose","Galactitol",30,1
"Nematode","Melezitose","myo-Inositol",39,1
"Nematode","Melezitose","Citrate",3,1
"Nematode","Melezitose","D-Gluconate",6,1
"Nematode","Melezitose","D-Glucosamine",16,1
"Nematode","Melezitose","Nitrate",36,1
"Nematode","Methyl-?-D-glucoside","Cellobiose",8,1
"Nematode","Methyl-?-D-glucoside","Salicin",9,1
"Nematode","Methyl-?-D-glucoside","L-Rhamnose",23,1
"Nematode","Methyl-?-D-glucoside","L-Arabinose",10,1
"Nematode","Methyl-?-D-glucoside","D-Arabinose",24,1
"Nematode","Methyl-?-D-glucoside","D-Ribose",13,1
"Nematode","Methyl-?-D-glucoside","Methanol",42,1
"Nematode","Methyl-?-D-glucoside","Erythritol",24,1
"Nematode","Methyl-?-D-glucoside","Ribitol",5,1
"Nematode","Methyl-?-D-glucoside","Galactitol",29,1
"Nematode","Methyl-?-D-glucoside","myo-Inositol",38,1
"Nematode","Methyl-?-D-glucoside","Citrate",2,0.999
"Nematode","Methyl-?-D-glucoside","D-Gluconate",6,1
"Nematode","Methyl-?-D-glucoside","D-Glucosamine",18,1
"Nematode","Methyl-?-D-glucoside","Nitrate",36,1
"Nematode","Cellobiose","Salicin",2,0.997
"Nematode","Cellobiose","L-Rhamnose",28,1
"Nematode","Cellobiose","L-Arabinose",20,1
"Nematode","Cellobiose","D-Arabinose",29,1
"Nematode","Cellobiose","D-Ribose",19,1
"Nematode","Cellobiose","Methanol",50,1
"Nematode","Cellobiose","Erythritol",29,1
"Nematode","Cellobiose","Ribitol",17,1
"Nematode","Cellobiose","Galactitol",37,1
"Nematode","Cellobiose","myo-Inositol",46,1
"Nematode","Cellobiose","Citrate",7,1
"Nematode","Cellobiose","D-Gluconate",8,1
"Nematode","Cellobiose","D-Glucosamine",26,1
"Nematode","Cellobiose","Nitrate",43,1
"Nematode","Salicin","L-Rhamnose",29,1
"Nematode","Salicin","L-Arabinose",21,1
"Nematode","Salicin","D-Arabinose",29,1
"Nematode","Salicin","D-Ribose",18,1
"Nematode","Salicin","Methanol",51,1
"Nematode","Salicin","Erythritol",29,1
"Nematode","Salicin","Ribitol",16,1
"Nematode","Salicin","Galactitol",38,1
"Nematode","Salicin","myo-Inositol",46,1
"Nematode","Salicin","Citrate",7,1
"Nematode","Salicin","D-Gluconate",7,1
"Nematode","Salicin","D-Glucosamine",25,1
"Nematode","Salicin","Nitrate",43,1
"Nematode","L-Rhamnose","L-Arabinose",6,1
"Nematode","L-Rhamnose","D-Arabinose",9,1
"Nematode","L-Rhamnose","D-Ribose",7,1
"Nematode","L-Rhamnose","Methanol",26,1
"Nematode","L-Rhamnose","Erythritol",13,1
"Nematode","L-Rhamnose","Ribitol",5,1
"Nematode","L-Rhamnose","Galactitol",12,1
"Nematode","L-Rhamnose","myo-Inositol",20,1
"Nematode","L-Rhamnose","Citrate",3,1
"Nematode","L-Rhamnose","D-Gluconate",4,1
"Nematode","L-Rhamnose","D-Glucosamine",10,1
"Nematode","L-Rhamnose","Nitrate",21,1
"Nematode","L-Arabinose","D-Arabinose",16,1
"Nematode","L-Arabinose","D-Ribose",9,1
"Nematode","L-Arabinose","Methanol",38,1
"Nematode","L-Arabinose","Erythritol",17,1
"Nematode","L-Arabinose","Ribitol",3,1
"Nematode","L-Arabinose","Galactitol",24,1
"Nematode","L-Arabinose","myo-Inositol",33,1
"Nematode","L-Arabinose","Citrate",5,1
"Nematode","L-Arabinose","D-Gluconate",7,1
"Nematode","L-Arabinose","D-Glucosamine",16,1
"Nematode","L-Arabinose","Nitrate",35,1
"Nematode","D-Arabinose","D-Ribose",5,1
"Nematode","D-Arabinose","Methanol",27,1
"Nematode","D-Arabinose","Erythritol",12,1
"Nematode","D-Arabinose","Ribitol",4,1
"Nematode","D-Arabinose","Galactitol",13,1
"Nematode","D-Arabinose","myo-Inositol",21,1
"Nematode","D-Arabinose","Citrate",4,1
"Nematode","D-Arabinose","D-Gluconate",5,1
"Nematode","D-Arabinose","D-Glucosamine",9,1
"Nematode","D-Arabinose","Nitrate",24,1
"Nematode","D-Ribose","Methanol",40,1
"Nematode","D-Ribose","Erythritol",15,1
"Nematode","D-Ribose","Ribitol",4,1
"Nematode","D-Ribose","Galactitol",25,1
"Nematode","D-Ribose","myo-Inositol",34,1
"Nematode","D-Ribose","Citrate",5,1
"Nematode","D-Ribose","D-Gluconate",5,1
"Nematode","D-Ribose","D-Glucosamine",14,1
"Nematode","D-Ribose","Nitrate",35,1
"Nematode","Methanol","Erythritol",2,1
"Nematode","Methanol","Ribitol",1,0.999
"Nematode","Methanol","Galactitol",4,1
"Nematode","Methanol","myo-Inositol",5,1
"Nematode","Methanol","Citrate",3,1
"Nematode","Methanol","D-Gluconate",3,1
"Nematode","Methanol","D-Glucosamine",4,1
"Nematode","Methanol","Nitrate",3,1
"Nematode","Erythritol","Ribitol",1,0.997
"Nematode","Erythritol","Galactitol",15,1
"Nematode","Erythritol","myo-Inositol",21,1
"Nematode","Erythritol","Citrate",3,1
"Nematode","Erythritol","D-Gluconate",3,1
"Nematode","Erythritol","D-Glucosamine",10,1
"Nematode","Erythritol","Nitrate",23,1
"Nematode","Ribitol","Galactitol",38,1
"Nematode","Ribitol","myo-Inositol",46,1
"Nematode","Ribitol","Citrate",7,1
"Nematode","Ribitol","D-Gluconate",10,1
"Nematode","Ribitol","D-Glucosamine",22,1
"Nematode","Ribitol","Nitrate",49,1
"Nematode","Galactitol","myo-Inositol",10,1
"Nematode","Galactitol","Citrate",1,0.999
"Nematode","Galactitol","D-Gluconate",3,1
"Nematode","Galactitol","D-Glucosamine",3,1
"Nematode","Galactitol","Nitrate",15,1
"Nematode","myo-Inositol","Citrate",2,1
"Nematode","myo-Inositol","D-Gluconate",2,1
"Nematode","myo-Inositol","D-Glucosamine",2,1
"Nematode","myo-Inositol","Nitrate",8,1
"Nematode","Citrate","D-Gluconate",15,1
"Nematode","Citrate","D-Glucosamine",33,1
"Nematode","Citrate","Nitrate",56,1
"Nematode","D-Gluconate","D-Glucosamine",35,1
"Nematode","D-Gluconate","Nitrate",53,1
"Nematode","D-Glucosamine","Nitrate",35,1
"Mushroom.Fungus","Glucose","Growth at 37°C",24,0
"Soil","Glucose","D-Glucosamine",52,0
"Insect.Frass","Lactose_F","Glucose",0,1
"Unknown","Lactose_F","Glucose",0,1
"Unknown","Lactose_F","Lactose",0,0.959
"Unknown","Lactose_F","L-Rhamnose",1,1
"Unknown","Lactose_F","Methanol",1,1
"Unknown","Lactose_F","Vitamin-free",0,0.962
"Unknown","Glucose","Lactose",77,1
"Unknown","Glucose","L-Rhamnose",62,1
"Unknown","Glucose","Methanol",85,1
"Unknown","Glucose","Vitamin-free",71,1
"Unknown","Lactose","L-Rhamnose",7,1
"Unknown","Lactose","Methanol",13,1
"Unknown","Lactose","Vitamin-free",9,1
"Unknown","L-Rhamnose","Methanol",26,1
"Unknown","L-Rhamnose","Vitamin-free",24,1
"Unknown","Methanol","Vitamin-free",4,1
"Air","Lactose_F","Glucose",0,1
"Air","Lactose_F","Nitrate",1,0.992
"Air","Glucose","Nitrate",79,1
"Leather.Tanning","Lactose_F","Glucose",0,1
"Industrial","Glucose","Growth at 19°C",5,1
"Fodder","Lactose_F","Glucose",0,1
"Fodder","Lactose_F","Inulin",1,1
"Fodder","Lactose_F","Melibiose",0,0.943
"Fodder","Lactose_F","Lactose",0,0.943
"Fodder","Lactose_F","L-Rhamnose",1,1
"Fodder","Lactose_F","D-Arabinose",1,1
"Fodder","Lactose_F","Methanol",1,1
"Fodder","Lactose_F","Galactitol",1,1
"Fodder","Lactose_F","myo-Inositol",1,1
"Fodder","Lactose_F","Nitrate",1,1
"Fodder","Lactose_F","Starch formation",1,1
"Fodder","Glucose","Inulin",79,1
"Fodder","Glucose","Melibiose",76,1
"Fodder","Glucose","Lactose",77,1
"Fodder","Glucose","L-Rhamnose",62,1
"Fodder","Glucose","D-Arabinose",61,1
"Fodder","Glucose","Methanol",85,1
"Fodder","Glucose","Galactitol",73,1
"Fodder","Glucose","myo-Inositol",81,1
"Fodder","Glucose","Nitrate",79,1
"Fodder","Glucose","Starch formation",84,1
"Fodder","Inulin","Melibiose",5,1
"Fodder","Inulin","Lactose",7,1
"Fodder","Inulin","L-Rhamnose",6,1
"Fodder","Inulin","D-Arabinose",4,1
"Fodder","Inulin","Methanol",11,1
"Fodder","Inulin","Galactitol",6,1
"Fodder","Inulin","myo-Inositol",10,1
"Fodder","Inulin","Nitrate",10,1
"Fodder","Inulin","Starch formation",11,1
"Fodder","Melibiose","Lactose",7,1
"Fodder","Melibiose","L-Rhamnose",5,1
"Fodder","Melibiose","D-Arabinose",4,1
"Fodder","Melibiose","Methanol",14,1
"Fodder","Melibiose","Galactitol",6,1
"Fodder","Melibiose","myo-Inositol",10,1
"Fodder","Melibiose","Nitrate",13,1
"Fodder","Melibiose","Starch formation",14,1
"Fodder","Lactose","L-Rhamnose",7,1
"Fodder","Lactose","D-Arabinose",3,1
"Fodder","Lactose","Methanol",13,1
"Fodder","Lactose","Galactitol",7,1
"Fodder","Lactose","myo-Inositol",9,1
"Fodder","Lactose","Nitrate",12,1
"Fodder","Lactose","Starch formation",12,1
"Fodder","L-Rhamnose","D-Arabinose",9,1
"Fodder","L-Rhamnose","Methanol",26,1
"Fodder","L-Rhamnose","Galactitol",12,1
"Fodder","L-Rhamnose","myo-Inositol",20,1
"Fodder","L-Rhamnose","Nitrate",21,1
"Fodder","L-Rhamnose","Starch formation",28,1
"Fodder","D-Arabinose","Methanol",27,1
"Fodder","D-Arabinose","Galactitol",13,1
"Fodder","D-Arabinose","myo-Inositol",21,1
"Fodder","D-Arabinose","Nitrate",24,1
"Fodder","D-Arabinose","Starch formation",28,1
"Fodder","Methanol","Galactitol",4,1
"Fodder","Methanol","myo-Inositol",5,1
"Fodder","Methanol","Nitrate",3,1
"Fodder","Methanol","Starch formation",4,1
"Fodder","Galactitol","myo-Inositol",10,1
"Fodder","Galactitol","Nitrate",15,1
"Fodder","Galactitol","Starch formation",17,1
"Fodder","myo-Inositol","Nitrate",8,1
"Fodder","myo-Inositol","Starch formation",9,1
"Fodder","Nitrate","Starch formation",11,1
"Freshwater","Galactose_F","Lactose_F",30,1
"Freshwater","Galactose_F","Glucose",0,1
"Freshwater","Galactose_F","Melibiose",24,1
"Freshwater","Galactose_F","L-Arabinose",10,1
"Freshwater","Galactose_F","Erythritol",17,1
"Freshwater","Galactose_F","Galactitol",21,1
"Freshwater","Galactose_F","myo-Inositol",27,1
"Freshwater","Galactose_F","Starch formation",30,1
"Freshwater","Lactose_F","Glucose",0,1
"Freshwater","Lactose_F","Melibiose",0,0.888
"Freshwater","Lactose_F","L-Arabinose",0,0.895
"Freshwater","Lactose_F","Erythritol",0,0.891
"Freshwater","Lactose_F","Galactitol",1,0.994
"Freshwater","Lactose_F","myo-Inositol",1,0.994
"Freshwater","Lactose_F","Starch formation",1,0.993
"Freshwater","Glucose","Melibiose",76,1
"Freshwater","Glucose","L-Arabinose",49,1
"Freshwater","Glucose","Erythritol",62,1
"Freshwater","Glucose","Galactitol",73,1
"Freshwater","Glucose","myo-Inositol",81,1
"Freshwater","Glucose","Starch formation",84,1
"Freshwater","Melibiose","L-Arabinose",1,0.97
"Freshwater","Melibiose","Erythritol",3,1
"Freshwater","Melibiose","Galactitol",6,1
"Freshwater","Melibiose","myo-Inositol",10,1
"Freshwater","Melibiose","Starch formation",14,1
"Freshwater","L-Arabinose","Erythritol",17,1
"Freshwater","L-Arabinose","Galactitol",24,1
"Freshwater","L-Arabinose","myo-Inositol",33,1
"Freshwater","L-Arabinose","Starch formation",39,1
"Freshwater","Erythritol","Galactitol",15,1
"Freshwater","Erythritol","myo-Inositol",21,1
"Freshwater","Erythritol","Starch formation",28,1
"Freshwater","Galactitol","myo-Inositol",10,1
"Freshwater","Galactitol","Starch formation",17,1
"Freshwater","myo-Inositol","Starch formation",9,1
"Seawater.Marine","Glucose","Starch formation",84,1
"Brine","Galactose_F","Sucrose_F",12,1
"Brine","Galactose_F","Lactose_F",30,1
"Brine","Galactose_F","Raffinose_F",18,1
"Brine","Galactose_F","Trehalose_F",10,1
"Brine","Galactose_F","Glucose",0,1
"Brine","Galactose_F","Inulin",24,1
"Brine","Galactose_F","Sucrose",7,1
"Brine","Galactose_F","Raffinose",16,1
"Brine","Galactose_F","Melibiose",24,1
"Brine","Galactose_F","Lactose",22,1
"Brine","Galactose_F","Trehalose",2,1
"Brine","Galactose_F","Melezitose",8,1
"Brine","Galactose_F","Methyl-?-D-glucoside",7,1
"Brine","Galactose_F","Soluble Starch",14,1
"Brine","Galactose_F","Cellobiose",9,1
"Brine","Galactose_F","Salicin",9,1
"Brine","Galactose_F","L-Rhamnose",18,1
"Brine","Galactose_F","D-Xylose",3,1
"Brine","Galactose_F","L-Arabinose",10,1
"Brine","Galactose_F","D-Arabinose",15,1
"Brine","Galactose_F","Methanol",29,1
"Brine","Galactose_F","Erythritol",17,1
"Brine","Galactose_F","Ribitol",3,1
"Brine","Galactose_F","Galactitol",21,1
"Brine","Galactose_F","myo-Inositol",27,1
"Brine","Galactose_F","D-Glucosamine",8,1
"Brine","Galactose_F","Vitamin-free",20,1
"Brine","Galactose_F","Starch formation",30,1
"Brine","Galactose_F","Growth at 37°C",4,1
"Brine","Sucrose_F","Lactose_F",29,1
"Brine","Sucrose_F","Raffinose_F",10,1
"Brine","Sucrose_F","Trehalose_F",9,1
"Brine","Sucrose_F","Glucose",0,1
"Brine","Sucrose_F","Inulin",20,1
"Brine","Sucrose_F","Sucrose",1,1
"Brine","Sucrose_F","Raffinose",6,1
"Brine","Sucrose_F","Melibiose",21,1
"Brine","Sucrose_F","Lactose",22,1
"Brine","Sucrose_F","Trehalose",1,1
"Brine","Sucrose_F","Melezitose",2,1
"Brine","Sucrose_F","Methyl-?-D-glucoside",3,1
"Brine","Sucrose_F","Soluble Starch",13,1
"Brine","Sucrose_F","Cellobiose",4,1
"Brine","Sucrose_F","Salicin",5,1
"Brine","Sucrose_F","L-Rhamnose",16,1
"Brine","Sucrose_F","D-Xylose",3,1
"Brine","Sucrose_F","L-Arabinose",10,1
"Brine","Sucrose_F","D-Arabinose",17,1
"Brine","Sucrose_F","Methanol",29,1
"Brine","Sucrose_F","Erythritol",20,1
"Brine","Sucrose_F","Ribitol",7,1
"Brine","Sucrose_F","Galactitol",22,1
"Brine","Sucrose_F","myo-Inositol",26,1
"Brine","Sucrose_F","D-Glucosamine",10,1
"Brine","Sucrose_F","Vitamin-free",19,1
"Brine","Sucrose_F","Starch formation",30,1
"Brine","Sucrose_F","Growth at 37°C",5,1
"Brine","Lactose_F","Raffinose_F",0,0.995
"Brine","Lactose_F","Trehalose_F",0,0.994
"Brine","Lactose_F","Glucose",0,1
"Brine","Lactose_F","Inulin",1,1
"Brine","Lactose_F","Sucrose",0,0.994
"Brine","Lactose_F","Raffinose",0,0.994
"Brine","Lactose_F","Melibiose",0,0.994
"Brine","Lactose_F","Lactose",0,0.994
"Brine","Lactose_F","Trehalose",0,0.994
"Brine","Lactose_F","Melezitose",0,0.994
"Brine","Lactose_F","Methyl-?-D-glucoside",0,0.997
"Brine","Lactose_F","Soluble Starch",0,0.995
"Brine","Lactose_F","Cellobiose",0,0.994
"Brine","Lactose_F","Salicin",0,0.994
"Brine","Lactose_F","L-Rhamnose",1,1
"Brine","Lactose_F","D-Xylose",0,0.995
"Brine","Lactose_F","L-Arabinose",0,0.995
"Brine","Lactose_F","D-Arabinose",1,1
"Brine","Lactose_F","Methanol",1,1
"Brine","Lactose_F","Erythritol",0,0.994
"Brine","Lactose_F","Ribitol",0,0.995
"Brine","Lactose_F","Galactitol",1,1
"Brine","Lactose_F","myo-Inositol",1,1
"Brine","Lactose_F","D-Glucosamine",0,0.994
"Brine","Lactose_F","Vitamin-free",0,0.994
"Brine","Lactose_F","Starch formation",1,1
"Brine","Lactose_F","Growth at 37°C",1,1
"Brine","Raffinose_F","Trehalose_F",7,1
"Brine","Raffinose_F","Glucose",0,1
"Brine","Raffinose_F","Inulin",10,1
"Brine","Raffinose_F","Sucrose",1,1
"Brine","Raffinose_F","Raffinose",0,0.97
"Brine","Raffinose_F","Melibiose",12,1
"Brine","Raffinose_F","Lactose",13,1
"Brine","Raffinose_F","Trehalose",0,0.973
"Brine","Raffinose_F","Melezitose",1,1
"Brine","Raffinose_F","Methyl-?-D-glucoside",1,1
"Brine","Raffinose_F","Soluble Starch",9,1
"Brine","Raffinose_F","Cellobiose",1,1
"Brine","Raffinose_F","Salicin",2,1
"Brine","Raffinose_F","L-Rhamnose",11,1
"Brine","Raffinose_F","D-Xylose",1,1
"Brine","Raffinose_F","L-Arabinose",6,1
"Brine","Raffinose_F","D-Arabinose",10,1
"Brine","Raffinose_F","Methanol",19,1
"Brine","Raffinose_F","Erythritol",12,1
"Brine","Raffinose_F","Ribitol",5,1
"Brine","Raffinose_F","Galactitol",13,1
"Brine","Raffinose_F","myo-Inositol",17,1
"Brine","Raffinose_F","D-Glucosamine",8,1
"Brine","Raffinose_F","Vitamin-free",13,1
"Brine","Raffinose_F","Starch formation",20,1
"Brine","Raffinose_F","Growth at 37°C",3,1
"Brine","Trehalose_F","Glucose",0,1
"Brine","Trehalose_F","Inulin",24,1
"Brine","Trehalose_F","Sucrose",6,1
"Brine","Trehalose_F","Raffinose",15,1
"Brine","Trehalose_F","Melibiose",22,1
"Brine","Trehalose_F","Lactose",23,1
"Brine","Trehalose_F","Trehalose",1,1
"Brine","Trehalose_F","Melezitose",6,1
"Brine","Trehalose_F","Methyl-?-D-glucoside",6,1
"Brine","Trehalose_F","Soluble Starch",15,1
"Brine","Trehalose_F","Cellobiose",9,1
"Brine","Trehalose_F","Salicin",9,1
"Brine","Trehalose_F","L-Rhamnose",15,1
"Brine","Trehalose_F","D-Xylose",4,1
"Brine","Trehalose_F","L-Arabinose",9,1
"Brine","Trehalose_F","D-Arabinose",16,1
"Brine","Trehalose_F","Methanol",29,1
"Brine","Trehalose_F","Erythritol",18,1
"Brine","Trehalose_F","Ribitol",4,1
"Brine","Trehalose_F","Galactitol",21,1
"Brine","Trehalose_F","myo-Inositol",28,1
"Brine","Trehalose_F","D-Glucosamine",9,1
"Brine","Trehalose_F","Vitamin-free",22,1
"Brine","Trehalose_F","Starch formation",31,1
"Brine","Trehalose_F","Growth at 37°C",6,1
"Brine","Glucose","Inulin",79,1
"Brine","Glucose","Sucrose",41,1
"Brine","Glucose","Raffinose",58,1
"Brine","Glucose","Melibiose",76,1
"Brine","Glucose","Lactose",77,1
"Brine","Glucose","Trehalose",32,1
"Brine","Glucose","Melezitose",46,1
"Brine","Glucose","Methyl-?-D-glucoside",46,1
"Brine","Glucose","Soluble Starch",60,1
"Brine","Glucose","Cellobiose",37,1
"Brine","Glucose","Salicin",37,1
"Brine","Glucose","L-Rhamnose",62,1
"Brine","Glucose","D-Xylose",28,1
"Brine","Glucose","L-Arabinose",49,1
"Brine","Glucose","D-Arabinose",61,1
"Brine","Glucose","Methanol",85,1
"Brine","Glucose","Erythritol",62,1
"Brine","Glucose","Ribitol",35,1
"Brine","Glucose","Galactitol",73,1
"Brine","Glucose","myo-Inositol",81,1
"Brine","Glucose","D-Glucosamine",52,1
"Brine","Glucose","Vitamin-free",71,1
"Brine","Glucose","Starch formation",84,1
"Brine","Glucose","Growth at 37°C",24,1
"Brine","Inulin","Sucrose",0,0.964
"Brine","Inulin","Raffinose",0,0.962
"Brine","Inulin","Melibiose",5,1
"Brine","Inulin","Lactose",7,1
"Brine","Inulin","Trehalose",0,0.968
"Brine","Inulin","Melezitose",0,0.966
"Brine","Inulin","Methyl-?-D-glucoside",0,0.965
"Brine","Inulin","Soluble Starch",6,1
"Brine","Inulin","Cellobiose",1,1
"Brine","Inulin","Salicin",1,1
"Brine","Inulin","L-Rhamnose",6,1
"Brine","Inulin","D-Xylose",0,0.964
"Brine","Inulin","L-Arabinose",3,1
"Brine","Inulin","D-Arabinose",4,1
"Brine","Inulin","Methanol",11,1
"Brine","Inulin","Erythritol",7,1
"Brine","Inulin","Ribitol",2,1
"Brine","Inulin","Galactitol",6,1
"Brine","Inulin","myo-Inositol",10,1
"Brine","Inulin","D-Glucosamine",3,1
"Brine","Inulin","Vitamin-free",7,1
"Brine","Inulin","Starch formation",11,1
"Brine","Inulin","Growth at 37°C",2,1
"Brine","Sucrose","Raffinose",19,1
"Brine","Sucrose","Melibiose",35,1
"Brine","Sucrose","Lactose",38,1
"Brine","Sucrose","Trehalose",3,1
"Brine","Sucrose","Melezitose",5,1
"Brine","Sucrose","Methyl-?-D-glucoside",6,1
"Brine","Sucrose","Soluble Starch",23,1
"Brine","Sucrose","Cellobiose",10,1
"Brine","Sucrose","Salicin",11,1
"Brine","Sucrose","L-Rhamnose",26,1
"Brine","Sucrose","D-Xylose",3,1
"Brine","Sucrose","L-Arabinose",15,1
"Brine","Sucrose","D-Arabinose",27,1
"Brine","Sucrose","Methanol",47,1
"Brine","Sucrose","Erythritol",29,1
"Brine","Sucrose","Ribitol",9,1
"Brine","Sucrose","Galactitol",33,1
"Brine","Sucrose","myo-Inositol",42,1
"Brine","Sucrose","D-Glucosamine",20,1
"Brine","Sucrose","Vitamin-free",37,1
"Brine","Sucrose","Starch formation",47,1
"Brine","Sucrose","Growth at 37°C",10,1
"Brine","Raffinose","Melibiose",18,1
"Brine","Raffinose","Lactose",22,1
"Brine","Raffinose","Trehalose",2,1
"Brine","Raffinose","Melezitose",6,1
"Brine","Raffinose","Methyl-?-D-glucoside",6,1
"Brine","Raffinose","Soluble Starch",15,1
"Brine","Raffinose","Cellobiose",4,1
"Brine","Raffinose","Salicin",5,1
"Brine","Raffinose","L-Rhamnose",15,1
"Brine","Raffinose","D-Xylose",3,1
"Brine","Raffinose","L-Arabinose",10,1
"Brine","Raffinose","D-Arabinose",15,1
"Brine","Raffinose","Methanol",31,1
"Brine","Raffinose","Erythritol",16,1
"Brine","Raffinose","Ribitol",7,1
"Brine","Raffinose","Galactitol",19,1
"Brine","Raffinose","myo-Inositol",24,1
"Brine","Raffinose","D-Glucosamine",11,1
"Brine","Raffinose","Vitamin-free",23,1
"Brine","Raffinose","Starch formation",32,1
"Brine","Raffinose","Growth at 37°C",8,1
"Brine","Melibiose","Lactose",7,1
"Brine","Melibiose","Trehalose",0,0.968
"Brine","Melibiose","Melezitose",2,1
"Brine","Melibiose","Methyl-?-D-glucoside",1,1
"Brine","Melibiose","Soluble Starch",4,1
"Brine","Melibiose","Cellobiose",1,1
"Brine","Melibiose","Salicin",1,1
"Brine","Melibiose","L-Rhamnose",5,1
"Brine","Melibiose","D-Xylose",0,0.976
"Brine","Melibiose","L-Arabinose",1,1
"Brine","Melibiose","D-Arabinose",4,1
"Brine","Melibiose","Methanol",14,1
"Brine","Melibiose","Erythritol",3,1
"Brine","Melibiose","Ribitol",0,0.97
"Brine","Melibiose","Galactitol",6,1
"Brine","Melibiose","myo-Inositol",10,1
"Brine","Melibiose","D-Glucosamine",1,1
"Brine","Melibiose","Vitamin-free",12,1
"Brine","Melibiose","Starch formation",14,1
"Brine","Melibiose","Growth at 37°C",5,1
"Brine","Lactose","Trehalose",1,1
"Brine","Lactose","Melezitose",2,1
"Brine","Lactose","Methyl-?-D-glucoside",1,1
"Brine","Lactose","Soluble Starch",3,1
"Brine","Lactose","Cellobiose",0,0.99
"Brine","Lactose","Salicin",0,0.985
"Brine","Lactose","L-Rhamnose",7,1
"Brine","Lactose","D-Xylose",0,0.983
"Brine","Lactose","L-Arabinose",0,0.983
"Brine","Lactose","D-Arabinose",3,1
"Brine","Lactose","Methanol",13,1
"Brine","Lactose","Erythritol",3,1
"Brine","Lactose","Ribitol",0,0.984
"Brine","Lactose","Galactitol",7,1
"Brine","Lactose","myo-Inositol",9,1
"Brine","Lactose","D-Glucosamine",3,1
"Brine","Lactose","Vitamin-free",9,1
"Brine","Lactose","Starch formation",12,1
"Brine","Lactose","Growth at 37°C",5,1
"Brine","Trehalose","Melezitose",15,1
"Brine","Trehalose","Methyl-?-D-glucoside",15,1
"Brine","Trehalose","Soluble Starch",29,1
"Brine","Trehalose","Cellobiose",17,1
"Brine","Trehalose","Salicin",17,1
"Brine","Trehalose","L-Rhamnose",32,1
"Brine","Trehalose","D-Xylose",8,1
"Brine","Trehalose","L-Arabinose",20,1
"Brine","Trehalose","D-Arabinose",34,1
"Brine","Trehalose","Methanol",55,1
"Brine","Trehalose","Erythritol",33,1
"Brine","Trehalose","Ribitol",11,1
"Brine","Trehalose","Galactitol",41,1
"Brine","Trehalose","myo-Inositol",50,1
"Brine","Trehalose","D-Glucosamine",24,1
"Brine","Trehalose","Vitamin-free",44,1
"Brine","Trehalose","Starch formation",57,1
"Brine","Trehalose","Growth at 37°C",16,1
"Brine","Melezitose","Methyl-?-D-glucoside",2,1
"Brine","Melezitose","Soluble Starch",19,1
"Brine","Melezitose","Cellobiose",9,1
"Brine","Melezitose","Salicin",10,1
"Brine","Melezitose","L-Rhamnose",23,1
"Brine","Melezitose","D-Xylose",1,1
"Brine","Melezitose","L-Arabinose",12,1
"Brine","Melezitose","D-Arabinose",25,1
"Brine","Melezitose","Methanol",42,1
"Brine","Melezitose","Erythritol",26,1
"Brine","Melezitose","Ribitol",6,1
"Brine","Melezitose","Galactitol",30,1
"Brine","Melezitose","myo-Inositol",39,1
"Brine","Melezitose","D-Glucosamine",16,1
"Brine","Melezitose","Vitamin-free",32,1
"Brine","Melezitose","Starch formation",43,1
"Brine","Melezitose","Growth at 37°C",9,1
"Brine","Methyl-?-D-glucoside","Soluble Starch",17,1
"Brine","Methyl-?-D-glucoside","Cellobiose",8,1
"Brine","Methyl-?-D-glucoside","Salicin",9,1
"Brine","Methyl-?-D-glucoside","L-Rhamnose",23,1
"Brine","Methyl-?-D-glucoside","D-Xylose",0,0.927
"Brine","Methyl-?-D-glucoside","L-Arabinose",10,1
"Brine","Methyl-?-D-glucoside","D-Arabinose",24,1
"Brine","Methyl-?-D-glucoside","Methanol",42,1
"Brine","Methyl-?-D-glucoside","Erythritol",24,1
"Brine","Methyl-?-D-glucoside","Ribitol",5,1
"Brine","Methyl-?-D-glucoside","Galactitol",29,1
"Brine","Methyl-?-D-glucoside","myo-Inositol",38,1
"Brine","Methyl-?-D-glucoside","D-Glucosamine",18,1
"Brine","Methyl-?-D-glucoside","Vitamin-free",32,1
"Brine","Methyl-?-D-glucoside","Starch formation",43,1
"Brine","Methyl-?-D-glucoside","Growth at 37°C",7,1
"Brine","Soluble Starch","Cellobiose",8,1
"Brine","Soluble Starch","Salicin",7,1
"Brine","Soluble Starch","L-Rhamnose",18,1
"Brine","Soluble Starch","D-Xylose",1,1
"Brine","Soluble Starch","L-Arabinose",6,1
"Brine","Soluble Starch","D-Arabinose",17,1
"Brine","Soluble Starch","Methanol",30,1
"Brine","Soluble Starch","Erythritol",14,1
"Brine","Soluble Starch","Ribitol",3,1
"Brine","Soluble Starch","Galactitol",20,1
"Brine","Soluble Starch","myo-Inositol",24,1
"Brine","Soluble Starch","D-Glucosamine",9,1
"Brine","Soluble Starch","Vitamin-free",21,1
"Brine","Soluble Starch","Starch formation",30,1
"Brine","Soluble Starch","Growth at 37°C",6,1
"Brine","Cellobiose","Salicin",2,1
"Brine","Cellobiose","L-Rhamnose",28,1
"Brine","Cellobiose","D-Xylose",10,1
"Brine","Cellobiose","L-Arabinose",20,1
"Brine","Cellobiose","D-Arabinose",29,1
"Brine","Cellobiose","Methanol",50,1
"Brine","Cellobiose","Erythritol",29,1
"Brine","Cellobiose","Ribitol",17,1
"Brine","Cellobiose","Galactitol",37,1
"Brine","Cellobiose","myo-Inositol",46,1
"Brine","Cellobiose","D-Glucosamine",26,1
"Brine","Cellobiose","Vitamin-free",43,1
"Brine","Cellobiose","Starch formation",50,1
"Brine","Cellobiose","Growth at 37°C",16,1
"Brine","Salicin","L-Rhamnose",29,1
"Brine","Salicin","D-Xylose",10,1
"Brine","Salicin","L-Arabinose",21,1
"Brine","Salicin","D-Arabinose",29,1
"Brine","Salicin","Methanol",51,1
"Brine","Salicin","Erythritol",29,1
"Brine","Salicin","Ribitol",16,1
"Brine","Salicin","Galactitol",38,1
"Brine","Salicin","myo-Inositol",46,1
"Brine","Salicin","D-Glucosamine",25,1
"Brine","Salicin","Vitamin-free",42,1
"Brine","Salicin","Starch formation",50,1
"Brine","Salicin","Growth at 37°C",16,1
"Brine","L-Rhamnose","D-Xylose",2,1
"Brine","L-Rhamnose","L-Arabinose",6,1
"Brine","L-Rhamnose","D-Arabinose",9,1
"Brine","L-Rhamnose","Methanol",26,1
"Brine","L-Rhamnose","Erythritol",13,1
"Brine","L-Rhamnose","Ribitol",5,1
"Brine","L-Rhamnose","Galactitol",12,1
"Brine","L-Rhamnose","myo-Inositol",20,1
"Brine","L-Rhamnose","D-Glucosamine",10,1
"Brine","L-Rhamnose","Vitamin-free",24,1
"Brine","L-Rhamnose","Starch formation",28,1
"Brine","L-Rhamnose","Growth at 37°C",9,1
"Brine","D-Xylose","L-Arabinose",21,1
"Brine","D-Xylose","D-Arabinose",34,1
"Brine","D-Xylose","Methanol",59,1
"Brine","D-Xylose","Erythritol",38,1
"Brine","D-Xylose","Ribitol",13,1
"Brine","D-Xylose","Galactitol",45,1
"Brine","D-Xylose","myo-Inositol",53,1
"Brine","D-Xylose","D-Glucosamine",29,1
"Brine","D-Xylose","Vitamin-free",46,1
"Brine","D-Xylose","Starch formation",60,1
"Brine","D-Xylose","Growth at 37°C",16,1
"Brine","L-Arabinose","D-Arabinose",16,1
"Brine","L-Arabinose","Methanol",38,1
"Brine","L-Arabinose","Erythritol",17,1
"Brine","L-Arabinose","Ribitol",3,1
"Brine","L-Arabinose","Galactitol",24,1
"Brine","L-Arabinose","myo-Inositol",33,1
"Brine","L-Arabinose","D-Glucosamine",16,1
"Brine","L-Arabinose","Vitamin-free",31,1
"Brine","L-Arabinose","Starch formation",39,1
"Brine","L-Arabinose","Growth at 37°C",12,1
"Brine","D-Arabinose","Methanol",27,1
"Brine","D-Arabinose","Erythritol",12,1
"Brine","D-Arabinose","Ribitol",4,1
"Brine","D-Arabinose","Galactitol",13,1
"Brine","D-Arabinose","myo-Inositol",21,1
"Brine","D-Arabinose","D-Glucosamine",9,1
"Brine","D-Arabinose","Vitamin-free",25,1
"Brine","D-Arabinose","Starch formation",28,1
"Brine","D-Arabinose","Growth at 37°C",7,1
"Brine","Methanol","Erythritol",2,1
"Brine","Methanol","Ribitol",1,1
"Brine","Methanol","Galactitol",4,1
"Brine","Methanol","myo-Inositol",5,1
"Brine","Methanol","D-Glucosamine",4,1
"Brine","Methanol","Vitamin-free",4,1
"Brine","Methanol","Starch formation",4,1
"Brine","Methanol","Growth at 37°C",1,1
"Brine","Erythritol","Ribitol",1,1
"Brine","Erythritol","Galactitol",15,1
"Brine","Erythritol","myo-Inositol",21,1
"Brine","Erythritol","D-Glucosamine",10,1
"Brine","Erythritol","Vitamin-free",22,1
"Brine","Erythritol","Starch formation",28,1
"Brine","Erythritol","Growth at 37°C",11,1
"Brine","Ribitol","Galactitol",38,1
"Brine","Ribitol","myo-Inositol",46,1
"Brine","Ribitol","D-Glucosamine",22,1
"Brine","Ribitol","Vitamin-free",40,1
"Brine","Ribitol","Starch formation",53,1
"Brine","Ribitol","Growth at 37°C",16,1
"Brine","Galactitol","myo-Inositol",10,1
"Brine","Galactitol","D-Glucosamine",3,1
"Brine","Galactitol","Vitamin-free",14,1
"Brine","Galactitol","Starch formation",17,1
"Brine","Galactitol","Growth at 37°C",5,1
"Brine","myo-Inositol","D-Glucosamine",2,1
"Brine","myo-Inositol","Vitamin-free",8,1
"Brine","myo-Inositol","Starch formation",9,1
"Brine","myo-Inositol","Growth at 37°C",2,1
"Brine","D-Glucosamine","Vitamin-free",29,1
"Brine","D-Glucosamine","Starch formation",38,1
"Brine","D-Glucosamine","Growth at 37°C",11,1
"Brine","Vitamin-free","Starch formation",18,1
"Brine","Vitamin-free","Growth at 37°C",7,1
"Brine","Starch formation","Growth at 37°C",1,1
"Plant","Glucose","Erythritol",62,0.14
"Food","Glucose","Starch formation",84,1
"Pickled.Salted.Brined","Glucose","Methanol",85,1
"Fruit","Glucose","Erythritol",62,0
"Drink.Juice","Glucose","D-Xylose",28,1
"Sugar.Cane","Lactose_F","Glucose",0,1
"Sugar.Cane","Lactose_F","Lactose",0,0.922
"Sugar.Cane","Lactose_F","Soluble Starch",0,0.926
"Sugar.Cane","Lactose_F","myo-Inositol",1,0.997
"Sugar.Cane","Lactose_F","Starch formation",1,0.998
"Sugar.Cane","Glucose","Lactose",77,1
"Sugar.Cane","Glucose","Soluble Starch",60,1
"Sugar.Cane","Glucose","myo-Inositol",81,1
"Sugar.Cane","Glucose","Starch formation",84,1
"Sugar.Cane","Lactose","Soluble Starch",3,1
"Sugar.Cane","Lactose","myo-Inositol",9,1
"Sugar.Cane","Lactose","Starch formation",12,1
"Sugar.Cane","Soluble Starch","myo-Inositol",24,1
"Sugar.Cane","Soluble Starch","Starch formation",30,1
"Sugar.Cane","myo-Inositol","Starch formation",9,1
"Fermented","Glucose","D-Xylose",28,0.064
"Wine","Glucose","Methanol",85,1
"Beer","Glucose","Methanol",85,1
"Tequila","Lactose_F","Glucose",0,1
"Tequila","Lactose_F","Melibiose",0,0.846
"Tequila","Lactose_F","myo-Inositol",1,0.994
"Tequila","Lactose_F","Starch formation",1,0.995
"Tequila","Glucose","Melibiose",76,1
"Tequila","Glucose","myo-Inositol",81,1
"Tequila","Glucose","Starch formation",84,1
"Tequila","Melibiose","myo-Inositol",10,1
"Tequila","Melibiose","Starch formation",14,1
"Tequila","myo-Inositol","Starch formation",9,1
"Cider","Glucose","Starch formation",84,1
"Wood","Lactose_F","Glucose",0,1
"Silage","Lactose_F","Glucose",0,1
"Silage","Lactose_F","Inulin",1,0.997
"Silage","Lactose_F","Methanol",1,0.996
"Silage","Lactose_F","Galactitol",1,0.996
"Silage","Glucose","Inulin",79,1
"Silage","Glucose","Methanol",85,1
"Silage","Glucose","Galactitol",73,1
"Silage","Inulin","Methanol",11,1
"Silage","Inulin","Galactitol",6,1
"Silage","Methanol","Galactitol",4,1
"Dairy","Glucose","Soluble Starch",60,1
"Olives","Glucose","Vitamin-free",71,1
"Olives","Glucose","Starch formation",84,1
"Olives","Vitamin-free","Starch formation",18,1
