"Isolation","Trait","Observed_PP","Percent_PP"
"Pathogenic","Glucose_F",561,0.506
"Pathogenic","Galactose_F",287,0.709
"Pathogenic","Sucrose_F",239,0.589
"Pathogenic","Maltose_F",211,0.722
"Pathogenic","Lactose_F",117,0.968
"Pathogenic","Raffinose_F",182,0.688
"Pathogenic","Trehalose_F",289,0.644
"Pathogenic","Glucose",741,1
"Pathogenic","Inulin",176,0.867
"Pathogenic","Sucrose",495,0.832
"Pathogenic","Raffinose",263,0.612
"Pathogenic","Melibiose",165,0.738
"Pathogenic","Galactose",507,0.509
"Pathogenic","Lactose",164,0.741
"Pathogenic","Trehalose",552,0.772
"Pathogenic","Maltose",460,0.73
"Pathogenic","Melezitose",385,0.634
"Pathogenic","Methyl-?-D-glucoside",390,0.637
"Pathogenic","Soluble Starch",226,0.504
"Pathogenic","Cellobiose",508,0.78
"Pathogenic","Salicin",501,0.789
"Pathogenic","L-Sorbose",423,0.506
"Pathogenic","L-Rhamnose",215,0.405
"Pathogenic","D-Xylose",544,0.622
"Pathogenic","L-Arabinose",296,0.378
"Pathogenic","D-Arabinose",279,0.709
"Pathogenic","D-Ribose",344,0.562
"Pathogenic","Methanol",147,0.791
"Pathogenic","Ethanol",632,0.5
"Pathogenic","Glycerol",667,0.515
"Pathogenic","Erythritol",254,0.595
"Pathogenic","Ribitol",481,0.626
"Pathogenic","Galactitol",156,0.557
"Pathogenic","D-Mannitol",628,0.845
"Pathogenic","D-Glucitol",609,0.67
"Pathogenic","myo-Inositol",147,0.707
"Pathogenic","DL-Lactate",371,0.358
"Pathogenic","Succinate",624,0.345
"Pathogenic","Citrate",471,0.212
"Pathogenic","D-Gluconate",423,0.184
"Pathogenic","D-Glucosamine",328,0.562
"Pathogenic","Nitrate",212,0.946
"Pathogenic","Vitamin-free",213,0.728
"Pathogenic","2-Keto-D-gluconate",365,0.443
"Pathogenic","Starch formation",185,0.904
"Pathogenic","Growth at 19°C",740,0.903
"Pathogenic","Growth at 25°C",732,0.734
"Pathogenic","Growth at 30°C",648,0.197
"Pathogenic","Growth at 37°C",303,0.004
"Clinical","Glucose_F",598,0.625
"Clinical","Galactose_F",258,0.714
"Clinical","Sucrose_F",206,0.511
"Clinical","Maltose_F",166,0.635
"Clinical","Lactose_F",40,1
"Clinical","Raffinose_F",137,0.792
"Clinical","Trehalose_F",260,0.658
"Clinical","Glucose",820,1
"Clinical","Inulin",117,0.967
"Clinical","Sucrose",496,0.697
"Clinical","Raffinose",238,0.723
"Clinical","Melibiose",110,0.869
"Clinical","Galactose",534,0.748
"Clinical","Lactose",109,0.926
"Clinical","Trehalose",571,0.797
"Clinical","Maltose",461,0.678
"Clinical","Melezitose",376,0.53
"Clinical","Methyl-?-D-glucoside",383,0.653
"Clinical","Soluble Starch",199,0.746
"Clinical","Cellobiose",521,0.865
"Clinical","Salicin",514,0.848
"Clinical","L-Sorbose",436,0.867
"Clinical","L-Rhamnose",184,0.739
"Clinical","D-Xylose",571,0.807
"Clinical","L-Arabinose",289,0.78
"Clinical","D-Arabinose",252,0.907
"Clinical","D-Ribose",335,0.73
"Clinical","Methanol",78,1
"Clinical","Ethanol",691,0.831
"Clinical","Glycerol",726,0.842
"Clinical","Erythritol",227,0.936
"Clinical","Ribitol",494,0.713
"Clinical","Galactitol",107,0.877
"Clinical","D-Mannitol",663,0.832
"Clinical","D-Glucitol",650,0.826
"Clinical","myo-Inositol",86,1
"Clinical","DL-Lactate",378,0.684
"Clinical","Succinate",681,0.747
"Clinical","Citrate",502,0.432
"Clinical","D-Gluconate",450,0.495
"Clinical","D-Glucosamine",311,0.626
"Clinical","Nitrate",151,0.862
"Clinical","Vitamin-free",166,0.798
"Clinical","2-Keto-D-gluconate",364,0.693
"Clinical","Starch formation",118,1
"Clinical","Growth at 19°C",809,0.985
"Clinical","Growth at 25°C",811,0.975
"Clinical","Growth at 30°C",721,0.755
"Clinical","Growth at 37°C",336,0.342
"Rotting.Decaying","Glucose_F",567,0.613
"Rotting.Decaying","Galactose_F",299,0.742
"Rotting.Decaying","Sucrose_F",271,0.85
"Rotting.Decaying","Maltose_F",229,0.828
"Rotting.Decaying","Lactose_F",125,0.933
"Rotting.Decaying","Raffinose_F",208,0.838
"Rotting.Decaying","Trehalose_F",289,0.474
"Rotting.Decaying","Glucose",733,1
"Rotting.Decaying","Inulin",194,0.896
"Rotting.Decaying","Sucrose",497,0.851
"Rotting.Decaying","Raffinose",293,0.869
"Rotting.Decaying","Melibiose",181,0.66
"Rotting.Decaying","Galactose",521,0.768
"Rotting.Decaying","Lactose",168,0.494
"Rotting.Decaying","Trehalose",542,0.68
"Rotting.Decaying","Maltose",466,0.788
"Rotting.Decaying","Melezitose",401,0.78
"Rotting.Decaying","Methyl-?-D-glucoside",396,0.671
"Rotting.Decaying","Soluble Starch",250,0.709
"Rotting.Decaying","Cellobiose",488,0.387
"Rotting.Decaying","Salicin",481,0.351
"Rotting.Decaying","L-Sorbose",421,0.358
"Rotting.Decaying","L-Rhamnose",225,0.316
"Rotting.Decaying","D-Xylose",520,0.21
"Rotting.Decaying","L-Arabinose",308,0.412
"Rotting.Decaying","D-Arabinose",267,0.218
"Rotting.Decaying","D-Ribose",356,0.619
"Rotting.Decaying","Methanol",137,0.235
"Rotting.Decaying","Ethanol",616,0.2
"Rotting.Decaying","Glycerol",657,0.577
"Rotting.Decaying","Erythritol",262,0.511
"Rotting.Decaying","Ribitol",483,0.593
"Rotting.Decaying","Galactitol",174,0.644
"Rotting.Decaying","D-Mannitol",616,0.656
"Rotting.Decaying","D-Glucitol",613,0.751
"Rotting.Decaying","myo-Inositol",149,0.471
"Rotting.Decaying","DL-Lactate",375,0.361
"Rotting.Decaying","Succinate",610,0.217
"Rotting.Decaying","Citrate",475,0.288
"Rotting.Decaying","D-Gluconate",463,0.829
"Rotting.Decaying","D-Glucosamine",320,0.25
"Rotting.Decaying","Nitrate",214,0.845
"Rotting.Decaying","Vitamin-free",223,0.712
"Rotting.Decaying","2-Keto-D-gluconate",377,0.536
"Rotting.Decaying","Starch formation",189,0.866
"Rotting.Decaying","Growth at 19°C",724,0.924
"Rotting.Decaying","Growth at 25°C",726,0.855
"Rotting.Decaying","Growth at 30°C",650,0.372
"Rotting.Decaying","Growth at 37°C",341,0.212
"Spoiled","Glucose_F",600,0.655
"Spoiled","Galactose_F",272,0.904
"Spoiled","Sucrose_F",216,0.536
"Spoiled","Maltose_F",180,0.894
"Spoiled","Lactose_F",44,0.756
"Spoiled","Raffinose_F",143,0.769
"Spoiled","Trehalose_F",270,0.789
"Spoiled","Glucose",814,1
"Spoiled","Inulin",123,0.901
"Spoiled","Sucrose",502,0.714
"Spoiled","Raffinose",242,0.561
"Spoiled","Melibiose",112,0.646
"Spoiled","Galactose",536,0.523
"Spoiled","Lactose",109,0.607
"Spoiled","Trehalose",579,0.864
"Spoiled","Maltose",471,0.833
"Spoiled","Melezitose",388,0.807
"Spoiled","Methyl-?-D-glucoside",391,0.722
"Spoiled","Soluble Starch",205,0.792
"Spoiled","Cellobiose",523,0.678
"Spoiled","Salicin",516,0.667
"Spoiled","L-Sorbose",434,0.465
"Spoiled","L-Rhamnose",194,0.874
"Spoiled","D-Xylose",577,0.822
"Spoiled","L-Arabinose",291,0.592
"Spoiled","D-Arabinose",252,0.637
"Spoiled","D-Ribose",343,0.759
"Spoiled","Methanol",82,0.898
"Spoiled","Ethanol",687,0.561
"Spoiled","Glycerol",724,0.69
"Spoiled","Erythritol",227,0.735
"Spoiled","Ribitol",498,0.602
"Spoiled","Galactitol",107,0.578
"Spoiled","D-Mannitol",667,0.844
"Spoiled","D-Glucitol",654,0.839
"Spoiled","myo-Inositol",90,0.868
"Spoiled","DL-Lactate",378,0.305
"Spoiled","Succinate",683,0.704
"Spoiled","Citrate",514,0.777
"Spoiled","D-Gluconate",462,0.763
"Spoiled","D-Glucosamine",321,0.706
"Spoiled","Nitrate",157,0.829
"Spoiled","Vitamin-free",176,0.87
"Spoiled","2-Keto-D-gluconate",374,0.807
"Spoiled","Starch formation",124,1
"Spoiled","Growth at 19°C",803,0.962
"Spoiled","Growth at 25°C",805,0.935
"Spoiled","Growth at 30°C",719,0.593
"Spoiled","Growth at 37°C",338,0.158
"Contaminated","Glucose_F",605,0.879
"Contaminated","Galactose_F",257,0.716
"Contaminated","Sucrose_F",209,0.915
"Contaminated","Maltose_F",165,0.894
"Contaminated","Lactose_F",31,1
"Contaminated","Raffinose_F",134,1
"Contaminated","Trehalose_F",259,0.722
"Contaminated","Glucose",829,1
"Contaminated","Inulin",110,1
"Contaminated","Sucrose",503,0.975
"Contaminated","Raffinose",237,0.923
"Contaminated","Melibiose",105,1
"Contaminated","Galactose",539,0.882
"Contaminated","Lactose",102,1
"Contaminated","Trehalose",576,0.916
"Contaminated","Maltose",466,0.849
"Contaminated","Melezitose",383,0.946
"Contaminated","Methyl-?-D-glucoside",390,1
"Contaminated","Soluble Starch",194,0.684
"Contaminated","Cellobiose",522,0.886
"Contaminated","Salicin",515,0.89
"Contaminated","L-Sorbose",437,0.953
"Contaminated","L-Rhamnose",181,0.782
"Contaminated","D-Xylose",576,0.903
"Contaminated","L-Arabinose",288,0.933
"Contaminated","D-Arabinose",245,0.722
"Contaminated","D-Ribose",338,0.941
"Contaminated","Methanol",69,1
"Contaminated","Ethanol",698,0.951
"Contaminated","Glycerol",737,0.996
"Contaminated","Erythritol",222,1
"Contaminated","Ribitol",499,0.848
"Contaminated","Galactitol",100,0.879
"Contaminated","D-Mannitol",670,0.955
"Contaminated","D-Glucitol",657,0.925
"Contaminated","myo-Inositol",75,0.875
"Contaminated","DL-Lactate",379,0.778
"Contaminated","Succinate",690,0.948
"Contaminated","Citrate",513,0.964
"Contaminated","D-Gluconate",459,0.963
"Contaminated","D-Glucosamine",312,0.777
"Contaminated","Nitrate",146,1
"Contaminated","Vitamin-free",163,1
"Contaminated","2-Keto-D-gluconate",367,0.893
"Contaminated","Starch formation",109,1
"Contaminated","Growth at 19°C",818,0.999
"Contaminated","Growth at 25°C",820,0.997
"Contaminated","Growth at 30°C",730,0.966
"Contaminated","Growth at 37°C",347,1
"Plant.Pathogen","Glucose_F",598,0.74
"Plant.Pathogen","Galactose_F",264,0.43
"Plant.Pathogen","Sucrose_F",222,0.534
"Plant.Pathogen","Maltose_F",182,0.572
"Plant.Pathogen","Lactose_F",56,0.861
"Plant.Pathogen","Raffinose_F",147,0.365
"Plant.Pathogen","Trehalose_F",274,0.669
"Plant.Pathogen","Glucose",802,1
"Plant.Pathogen","Inulin",119,0.16
"Plant.Pathogen","Sucrose",492,0.357
"Plant.Pathogen","Raffinose",238,0.148
"Plant.Pathogen","Melibiose",130,0.906
"Plant.Pathogen","Galactose",540,0.798
"Plant.Pathogen","Lactose",127,0.91
"Plant.Pathogen","Trehalose",567,0.569
"Plant.Pathogen","Maltose",463,0.456
"Plant.Pathogen","Melezitose",386,0.512
"Plant.Pathogen","Methyl-?-D-glucoside",389,0.466
"Plant.Pathogen","Soluble Starch",209,0.307
"Plant.Pathogen","Cellobiose",515,0.525
"Plant.Pathogen","Salicin",512,0.64
"Plant.Pathogen","L-Sorbose",430,0.359
"Plant.Pathogen","L-Rhamnose",208,0.947
"Plant.Pathogen","D-Xylose",569,0.651
"Plant.Pathogen","L-Arabinose",303,0.745
"Plant.Pathogen","D-Arabinose",262,0.597
"Plant.Pathogen","D-Ribose",357,0.949
"Plant.Pathogen","Methanol",96,1
"Plant.Pathogen","Ethanol",689,0.872
"Plant.Pathogen","Glycerol",718,0.68
"Plant.Pathogen","Erythritol",245,0.951
"Plant.Pathogen","Ribitol",500,0.72
"Plant.Pathogen","Galactitol",123,0.63
"Plant.Pathogen","D-Mannitol",659,0.763
"Plant.Pathogen","D-Glucitol",648,0.769
"Plant.Pathogen","myo-Inositol",104,1
"Plant.Pathogen","DL-Lactate",378,0.335
"Plant.Pathogen","Succinate",673,0.531
"Plant.Pathogen","Citrate",512,0.732
"Plant.Pathogen","D-Gluconate",464,0.794
"Plant.Pathogen","D-Glucosamine",333,0.905
"Plant.Pathogen","Nitrate",161,0.399
"Plant.Pathogen","Vitamin-free",184,0.782
"Plant.Pathogen","2-Keto-D-gluconate",374,0.628
"Plant.Pathogen","Starch formation",124,0.322
"Plant.Pathogen","Growth at 19°C",791,0.919
"Plant.Pathogen","Growth at 25°C",799,0.983
"Plant.Pathogen","Growth at 30°C",719,0.923
"Plant.Pathogen","Growth at 37°C",352,0.597
"Animal","Glucose_F",555,0.513
"Animal","Galactose_F",297,0.783
"Animal","Sucrose_F",243,0.499
"Animal","Maltose_F",223,0.764
"Animal","Lactose_F",131,0.974
"Animal","Raffinose_F",186,0.514
"Animal","Trehalose_F",301,0.755
"Animal","Glucose",727,1
"Animal","Inulin",186,0.822
"Animal","Sucrose",489,0.785
"Animal","Raffinose",267,0.559
"Animal","Melibiose",177,0.762
"Animal","Galactose",509,0.67
"Animal","Lactose",172,0.681
"Animal","Trehalose",542,0.678
"Animal","Maltose",456,0.7
"Animal","Melezitose",383,0.569
"Animal","Methyl-?-D-glucoside",388,0.597
"Animal","Soluble Starch",232,0.487
"Animal","Cellobiose",504,0.768
"Animal","Salicin",495,0.722
"Animal","L-Sorbose",433,0.732
"Animal","L-Rhamnose",219,0.327
"Animal","D-Xylose",534,0.548
"Animal","L-Arabinose",300,0.389
"Animal","D-Arabinose",287,0.744
"Animal","D-Ribose",348,0.6
"Animal","Methanol",157,0.736
"Animal","Ethanol",620,0.454
"Animal","Glycerol",657,0.506
"Animal","Erythritol",254,0.453
"Animal","Ribitol",473,0.519
"Animal","Galactitol",166,0.585
"Animal","D-Mannitol",618,0.813
"Animal","D-Glucitol",599,0.618
"Animal","myo-Inositol",159,0.714
"Animal","DL-Lactate",373,0.387
"Animal","Succinate",612,0.291
"Animal","Citrate",471,0.282
"Animal","D-Gluconate",421,0.186
"Animal","D-Glucosamine",330,0.533
"Animal","Nitrate",216,0.868
"Animal","Vitamin-free",223,0.747
"Animal","2-Keto-D-gluconate",365,0.426
"Animal","Starch formation",197,0.919
"Animal","Growth at 19°C",730,0.942
"Animal","Growth at 25°C",722,0.82
"Animal","Growth at 30°C",640,0.283
"Animal","Growth at 37°C",305,0.007
"Insect","Glucose_F",474,0.25
"Insect","Galactose_F",300,0.337
"Insect","Sucrose_F",292,0.442
"Insect","Maltose_F",258,0.226
"Insect","Lactose_F",222,0.287
"Insect","Raffinose_F",267,0.503
"Insect","Trehalose_F",274,0.071
"Insect","Glucose",614,1
"Insect","Inulin",285,0.96
"Insect","Sucrose",414,0.306
"Insect","Raffinose",338,0.89
"Insect","Melibiose",268,0.727
"Insect","Galactose",428,0.21
"Insect","Lactose",273,0.873
"Insect","Trehalose",467,0.587
"Insect","Maltose",381,0.141
"Insect","Melezitose",340,0.123
"Insect","Methyl-?-D-glucoside",343,0.128
"Insect","Soluble Starch",323,0.932
"Insect","Cellobiose",431,0.385
"Insect","Salicin",418,0.269
"Insect","L-Sorbose",412,0.73
"Insect","L-Rhamnose",290,0.585
"Insect","D-Xylose",481,0.672
"Insect","L-Arabinose",349,0.749
"Insect","D-Arabinose",320,0.602
"Insect","D-Ribose",341,0.368
"Insect","Methanol",264,0.957
"Insect","Ethanol",551,0.763
"Insect","Glycerol",554,0.386
"Insect","Erythritol",309,0.656
"Insect","Ribitol",400,0.138
"Insect","Galactitol",273,0.816
"Insect","D-Mannitol",483,0.061
"Insect","D-Glucitol",474,0.051
"Insect","myo-Inositol",268,0.858
"Insect","DL-Lactate",430,0.984
"Insect","Succinate",535,0.636
"Insect","Citrate",426,0.38
"Insect","D-Gluconate",374,0.117
"Insect","D-Glucosamine",331,0.399
"Insect","Nitrate",321,0.992
"Insect","Vitamin-free",322,0.994
"Insect","2-Keto-D-gluconate",326,0.087
"Insect","Starch formation",302,0.997
"Insect","Growth at 19°C",607,0.862
"Insect","Growth at 25°C",607,0.738
"Insect","Growth at 30°C",537,0.153
"Insect","Growth at 37°C",400,0.958
"Tree","Glucose_F",551,0.987
"Tree","Galactose_F",355,0.941
"Tree","Sucrose_F",333,0.947
"Tree","Maltose_F",301,0.917
"Tree","Lactose_F",223,0.949
"Tree","Raffinose_F",284,0.91
"Tree","Trehalose_F",347,0.838
"Tree","Glucose",631,1
"Tree","Inulin",246,0.316
"Tree","Sucrose",455,0.713
"Tree","Raffinose",311,0.503
"Tree","Melibiose",253,0.636
"Tree","Galactose",537,0.998
"Tree","Lactose",246,0.587
"Tree","Trehalose",474,0.397
"Tree","Maltose",448,0.797
"Tree","Melezitose",401,0.721
"Tree","Methyl-?-D-glucoside",406,0.794
"Tree","Soluble Starch",274,0.113
"Tree","Cellobiose",428,0.131
"Tree","Salicin",427,0.137
"Tree","L-Sorbose",435,0.809
"Tree","L-Rhamnose",261,0.133
"Tree","D-Xylose",456,0.101
"Tree","L-Arabinose",326,0.3
"Tree","D-Arabinose",277,0.056
"Tree","D-Ribose",346,0.289
"Tree","Methanol",205,0.059
"Tree","Ethanol",544,0.271
"Tree","Glycerol",579,0.629
"Tree","Erythritol",290,0.243
"Tree","Ribitol",445,0.501
"Tree","Galactitol",264,0.813
"Tree","D-Mannitol",516,0.152
"Tree","D-Glucitol",515,0.271
"Tree","myo-Inositol",225,0.275
"Tree","DL-Lactate",393,0.676
"Tree","Succinate",534,0.233
"Tree","Citrate",461,0.701
"Tree","D-Gluconate",451,0.872
"Tree","D-Glucosamine",354,0.555
"Tree","Nitrate",216,0.005
"Tree","Vitamin-free",247,0.073
"Tree","2-Keto-D-gluconate",413,0.918
"Tree","Starch formation",231,0.123
"Tree","Growth at 19°C",624,0.854
"Tree","Growth at 25°C",626,0.795
"Tree","Growth at 30°C",618,0.992
"Tree","Growth at 37°C",393,0.894
"Stone.Chamber","Glucose_F",605,0.924
"Stone.Chamber","Galactose_F",257,0.809
"Stone.Chamber","Sucrose_F",211,1
"Stone.Chamber","Maltose_F",167,1
"Stone.Chamber","Lactose_F",31,1
"Stone.Chamber","Raffinose_F",134,1
"Stone.Chamber","Trehalose_F",261,0.887
"Stone.Chamber","Glucose",829,1
"Stone.Chamber","Inulin",108,0.852
"Stone.Chamber","Sucrose",501,0.922
"Stone.Chamber","Raffinose",239,1
"Stone.Chamber","Melibiose",105,1
"Stone.Chamber","Galactose",539,0.92
"Stone.Chamber","Lactose",100,0.879
"Stone.Chamber","Trehalose",576,0.952
"Stone.Chamber","Maltose",466,0.91
"Stone.Chamber","Melezitose",383,0.956
"Stone.Chamber","Methyl-?-D-glucoside",388,0.957
"Stone.Chamber","Soluble Starch",198,1
"Stone.Chamber","Cellobiose",522,0.928
"Stone.Chamber","Salicin",515,0.938
"Stone.Chamber","L-Sorbose",435,0.879
"Stone.Chamber","L-Rhamnose",181,0.866
"Stone.Chamber","D-Xylose",576,0.945
"Stone.Chamber","L-Arabinose",286,0.832
"Stone.Chamber","D-Arabinose",245,0.812
"Stone.Chamber","D-Ribose",336,0.845
"Stone.Chamber","Methanol",69,1
"Stone.Chamber","Ethanol",698,0.962
"Stone.Chamber","Glycerol",735,0.985
"Stone.Chamber","Erythritol",218,0.795
"Stone.Chamber","Ribitol",499,0.918
"Stone.Chamber","Galactitol",102,1
"Stone.Chamber","D-Mannitol",670,0.972
"Stone.Chamber","D-Glucitol",657,0.973
"Stone.Chamber","myo-Inositol",77,1
"Stone.Chamber","DL-Lactate",381,0.948
"Stone.Chamber","Succinate",690,0.965
"Stone.Chamber","Citrate",511,0.904
"Stone.Chamber","D-Gluconate",457,0.925
"Stone.Chamber","D-Glucosamine",312,0.828
"Stone.Chamber","Nitrate",146,1
"Stone.Chamber","Vitamin-free",163,1
"Stone.Chamber","2-Keto-D-gluconate",365,0.864
"Stone.Chamber","Starch formation",109,1
"Stone.Chamber","Growth at 19°C",818,1
"Stone.Chamber","Growth at 25°C",820,0.994
"Stone.Chamber","Growth at 30°C",730,0.98
"Stone.Chamber","Growth at 37°C",345,0.944
"Lichen","Glucose_F",608,0.955
"Lichen","Galactose_F",262,0.922
"Lichen","Sucrose_F",214,1
"Lichen","Maltose_F",170,1
"Lichen","Lactose_F",34,1
"Lichen","Raffinose_F",137,1
"Lichen","Trehalose_F",264,0.909
"Lichen","Glucose",826,1
"Lichen","Inulin",113,1
"Lichen","Sucrose",504,0.951
"Lichen","Raffinose",242,1
"Lichen","Melibiose",106,0.781
"Lichen","Galactose",538,0.755
"Lichen","Lactose",101,0.614
"Lichen","Trehalose",575,0.85
"Lichen","Maltose",467,0.826
"Lichen","Melezitose",382,0.753
"Lichen","Methyl-?-D-glucoside",387,0.774
"Lichen","Soluble Starch",197,0.787
"Lichen","Cellobiose",523,0.853
"Lichen","Salicin",518,0.949
"Lichen","L-Sorbose",434,0.633
"Lichen","L-Rhamnose",180,0.567
"Lichen","D-Xylose",575,0.815
"Lichen","L-Arabinose",285,0.553
"Lichen","D-Arabinose",246,0.602
"Lichen","D-Ribose",337,0.64
"Lichen","Methanol",70,0.812
"Lichen","Ethanol",695,0.826
"Lichen","Glycerol",732,0.88
"Lichen","Erythritol",221,0.655
"Lichen","Ribitol",496,0.588
"Lichen","Galactitol",99,0.405
"Lichen","D-Mannitol",669,0.913
"Lichen","D-Glucitol",654,0.823
"Lichen","myo-Inositol",80,1
"Lichen","DL-Lactate",386,1
"Lichen","Succinate",687,0.826
"Lichen","Citrate",512,0.84
"Lichen","D-Gluconate",456,0.697
"Lichen","D-Glucosamine",315,0.859
"Lichen","Nitrate",147,0.863
"Lichen","Vitamin-free",166,1
"Lichen","2-Keto-D-gluconate",364,0.588
"Lichen","Starch formation",110,0.731
"Lichen","Growth at 19°C",815,0.983
"Lichen","Growth at 25°C",817,0.989
"Lichen","Growth at 30°C",727,0.86
"Lichen","Growth at 37°C",348,0.939
"Pollen","Glucose_F",600,0.531
"Pollen","Galactose_F",262,0.777
"Pollen","Sucrose_F",208,0.41
"Pollen","Maltose_F",162,0.264
"Pollen","Lactose_F",32,0.328
"Pollen","Raffinose_F",129,0.253
"Pollen","Trehalose_F",260,0.486
"Pollen","Glucose",824,1
"Pollen","Inulin",115,1
"Pollen","Sucrose",502,0.833
"Pollen","Raffinose",236,0.551
"Pollen","Melibiose",110,1
"Pollen","Galactose",536,0.617
"Pollen","Lactose",107,1
"Pollen","Trehalose",579,0.947
"Pollen","Maltose",467,0.826
"Pollen","Melezitose",384,0.827
"Pollen","Methyl-?-D-glucoside",383,0.45
"Pollen","Soluble Starch",199,0.824
"Pollen","Cellobiose",525,0.936
"Pollen","Salicin",518,0.928
"Pollen","L-Sorbose",434,0.589
"Pollen","L-Rhamnose",186,0.929
"Pollen","D-Xylose",579,0.957
"Pollen","L-Arabinose",291,0.917
"Pollen","D-Arabinose",252,0.891
"Pollen","D-Ribose",333,0.383
"Pollen","Methanol",74,1
"Pollen","Ethanol",699,0.967
"Pollen","Glycerol",730,0.859
"Pollen","Erythritol",221,0.747
"Pollen","Ribitol",502,0.916
"Pollen","Galactitol",107,1
"Pollen","D-Mannitol",665,0.778
"Pollen","D-Glucitol",652,0.743
"Pollen","myo-Inositol",82,1
"Pollen","DL-Lactate",388,1
"Pollen","Succinate",689,0.913
"Pollen","Citrate",512,0.843
"Pollen","D-Gluconate",458,0.789
"Pollen","D-Glucosamine",319,0.974
"Pollen","Nitrate",147,0.548
"Pollen","Vitamin-free",162,0.635
"Pollen","2-Keto-D-gluconate",366,0.696
"Pollen","Starch formation",114,1
"Pollen","Growth at 19°C",813,0.982
"Pollen","Growth at 25°C",815,0.981
"Pollen","Growth at 30°C",725,0.774
"Pollen","Growth at 37°C",346,0.738
"Feces.Dung","Glucose_F",590,0.371
"Feces.Dung","Galactose_F",270,0.594
"Feces.Dung","Sucrose_F",220,0.495
"Feces.Dung","Maltose_F",182,0.718
"Feces.Dung","Lactose_F",58,1
"Feces.Dung","Raffinose_F",151,0.533
"Feces.Dung","Trehalose_F",274,0.683
"Feces.Dung","Glucose",802,1
"Feces.Dung","Inulin",131,0.667
"Feces.Dung","Sucrose",508,0.883
"Feces.Dung","Raffinose",256,0.785
"Feces.Dung","Melibiose",132,1
"Feces.Dung","Galactose",542,0.858
"Feces.Dung","Lactose",123,0.773
"Feces.Dung","Trehalose",567,0.586
"Feces.Dung","Maltose",471,0.794
"Feces.Dung","Melezitose",392,0.775
"Feces.Dung","Methyl-?-D-glucoside",395,0.738
"Feces.Dung","Soluble Starch",211,0.669
"Feces.Dung","Cellobiose",525,0.811
"Feces.Dung","Salicin",516,0.739
"Feces.Dung","L-Sorbose",440,0.698
"Feces.Dung","L-Rhamnose",190,0.363
"Feces.Dung","D-Xylose",571,0.672
"Feces.Dung","L-Arabinose",299,0.662
"Feces.Dung","D-Arabinose",264,0.794
"Feces.Dung","D-Ribose",349,0.789
"Feces.Dung","Methanol",92,0.728
"Feces.Dung","Ethanol",673,0.322
"Feces.Dung","Glycerol",718,0.694
"Feces.Dung","Erythritol",237,0.673
"Feces.Dung","Ribitol",500,0.705
"Feces.Dung","Galactitol",125,0.926
"Feces.Dung","D-Mannitol",663,0.832
"Feces.Dung","D-Glucitol",650,0.807
"Feces.Dung","myo-Inositol",104,1
"Feces.Dung","DL-Lactate",376,0.282
"Feces.Dung","Succinate",671,0.464
"Feces.Dung","Citrate",510,0.626
"Feces.Dung","D-Gluconate",454,0.449
"Feces.Dung","D-Glucosamine",317,0.37
"Feces.Dung","Nitrate",163,0.692
"Feces.Dung","Vitamin-free",174,0.364
"Feces.Dung","2-Keto-D-gluconate",368,0.433
"Feces.Dung","Starch formation",136,1
"Feces.Dung","Growth at 19°C",799,0.977
"Feces.Dung","Growth at 25°C",797,0.941
"Feces.Dung","Growth at 30°C",707,0.478
"Feces.Dung","Growth at 37°C",334,0.077
"Pine","Glucose_F",599,0.947
"Pine","Galactose_F",271,0.751
"Pine","Sucrose_F",243,0.995
"Pine","Maltose_F",197,0.959
"Pine","Lactose_F",67,1
"Pine","Raffinose_F",168,0.995
"Pine","Trehalose_F",267,0.484
"Pine","Glucose",793,1
"Pine","Inulin",146,1
"Pine","Sucrose",505,0.958
"Pine","Raffinose",255,0.858
"Pine","Melibiose",123,0.411
"Pine","Galactose",529,0.785
"Pine","Lactose",112,0.195
"Pine","Trehalose",552,0.446
"Pine","Maltose",464,0.83
"Pine","Melezitose",387,0.807
"Pine","Methyl-?-D-glucoside",384,0.609
"Pine","Soluble Starch",214,0.653
"Pine","Cellobiose",504,0.473
"Pine","Salicin",497,0.464
"Pine","L-Sorbose",437,0.831
"Pine","L-Rhamnose",185,0.245
"Pine","D-Xylose",544,0.209
"Pine","L-Arabinose",272,0.065
"Pine","D-Arabinose",237,0.108
"Pine","D-Ribose",330,0.317
"Pine","Methanol",89,0.29
"Pine","Ethanol",666,0.418
"Pine","Glycerol",707,0.794
"Pine","Erythritol",222,0.275
"Pine","Ribitol",481,0.466
"Pine","Galactitol",126,0.654
"Pine","D-Mannitol",638,0.41
"Pine","D-Glucitol",623,0.331
"Pine","myo-Inositol",99,0.415
"Pine","DL-Lactate",389,0.892
"Pine","Succinate",662,0.618
"Pine","Citrate",499,0.681
"Pine","D-Gluconate",437,0.216
"Pine","D-Glucosamine",312,0.464
"Pine","Nitrate",156,0.398
"Pine","Vitamin-free",185,0.813
"Pine","2-Keto-D-gluconate",361,0.427
"Pine","Starch formation",141,0.916
"Pine","Growth at 19°C",784,0.973
"Pine","Growth at 25°C",786,0.956
"Pine","Growth at 30°C",700,0.594
"Pine","Growth at 37°C",345,0.631
"Bromeliad","Glucose_F",605,0.889
"Bromeliad","Galactose_F",261,1
"Bromeliad","Sucrose_F",211,1
"Bromeliad","Maltose_F",163,0.621
"Bromeliad","Lactose_F",29,0.734
"Bromeliad","Raffinose_F",132,0.828
"Bromeliad","Trehalose_F",263,1
"Bromeliad","Glucose",829,1
"Bromeliad","Inulin",110,1
"Bromeliad","Sucrose",501,0.86
"Bromeliad","Raffinose",239,1
"Bromeliad","Melibiose",105,1
"Bromeliad","Galactose",541,0.952
"Bromeliad","Lactose",102,1
"Bromeliad","Trehalose",576,0.914
"Bromeliad","Maltose",466,0.822
"Bromeliad","Melezitose",381,0.782
"Bromeliad","Methyl-?-D-glucoside",386,0.779
"Bromeliad","Soluble Starch",198,1
"Bromeliad","Cellobiose",522,0.866
"Bromeliad","Salicin",515,0.857
"Bromeliad","L-Sorbose",435,0.808
"Bromeliad","L-Rhamnose",181,0.823
"Bromeliad","D-Xylose",576,0.907
"Bromeliad","L-Arabinose",290,1
"Bromeliad","D-Arabinose",249,1
"Bromeliad","D-Ribose",338,0.873
"Bromeliad","Methanol",69,1
"Bromeliad","Ethanol",698,0.938
"Bromeliad","Glycerol",735,0.969
"Bromeliad","Erythritol",218,0.696
"Bromeliad","Ribitol",499,0.853
"Bromeliad","Galactitol",102,1
"Bromeliad","D-Mannitol",670,0.951
"Bromeliad","D-Glucitol",657,0.941
"Bromeliad","myo-Inositol",77,1
"Bromeliad","DL-Lactate",383,1
"Bromeliad","Succinate",694,1
"Bromeliad","Citrate",513,0.942
"Bromeliad","D-Gluconate",457,0.813
"Bromeliad","D-Glucosamine",314,0.883
"Bromeliad","Nitrate",146,1
"Bromeliad","Vitamin-free",159,0.633
"Bromeliad","2-Keto-D-gluconate",367,0.9
"Bromeliad","Starch formation",107,0.776
"Bromeliad","Growth at 19°C",818,0.996
"Bromeliad","Growth at 25°C",820,0.992
"Bromeliad","Growth at 30°C",730,0.96
"Bromeliad","Growth at 37°C",347,1
"Flower","Glucose_F",540,0.028
"Flower","Galactose_F",304,0.872
"Flower","Sucrose_F",246,0.474
"Flower","Maltose_F",202,0.234
"Flower","Lactose_F",86,0.042
"Flower","Raffinose_F",179,0.296
"Flower","Trehalose_F",290,0.568
"Flower","Glucose",750,1
"Flower","Inulin",177,0.91
"Flower","Sucrose",454,0.098
"Flower","Raffinose",282,0.806
"Flower","Melibiose",176,0.869
"Flower","Galactose",478,0.016
"Flower","Lactose",173,0.895
"Flower","Trehalose",555,0.845
"Flower","Maltose",425,0.099
"Flower","Melezitose",356,0.09
"Flower","Methyl-?-D-glucoside",391,0.556
"Flower","Soluble Starch",263,0.975
"Flower","Cellobiose",493,0.54
"Flower","Salicin",484,0.429
"Flower","L-Sorbose",372,0
"Flower","L-Rhamnose",256,0.997
"Flower","D-Xylose",543,0.652
"Flower","L-Arabinose",349,0.985
"Flower","D-Arabinose",298,0.892
"Flower","D-Ribose",353,0.645
"Flower","Methanol",146,0.973
"Flower","Ethanol",651,0.748
"Flower","Glycerol",680,0.841
"Flower","Erythritol",295,0.996
"Flower","Ribitol",474,0.447
"Flower","Galactitol",171,0.875
"Flower","D-Mannitol",611,0.456
"Flower","D-Glucitol",594,0.236
"Flower","myo-Inositol",156,1
"Flower","DL-Lactate",418,0.989
"Flower","Succinate",641,0.719
"Flower","Citrate",488,0.518
"Flower","D-Gluconate",430,0.215
"Flower","D-Glucosamine",323,0.407
"Flower","Nitrate",207,0.798
"Flower","Vitamin-free",222,0.916
"Flower","2-Keto-D-gluconate",334,0.023
"Flower","Starch formation",182,0.981
"Flower","Growth at 19°C",741,0.946
"Flower","Growth at 25°C",743,0.895
"Flower","Growth at 30°C",663,0.494
"Flower","Growth at 37°C",366,0.788
"Cactus","Glucose_F",596,0.595
"Cactus","Galactose_F",284,0.759
"Cactus","Sucrose_F",234,0.613
"Cactus","Maltose_F",194,0.633
"Cactus","Lactose_F",74,0.824
"Cactus","Raffinose_F",167,0.622
"Cactus","Trehalose_F",284,0.621
"Cactus","Glucose",784,1
"Cactus","Inulin",149,0.818
"Cactus","Sucrose",514,0.882
"Cactus","Raffinose",268,0.805
"Cactus","Melibiose",146,0.842
"Cactus","Galactose",534,0.539
"Cactus","Lactose",143,0.844
"Cactus","Trehalose",589,0.954
"Cactus","Maltose",483,0.906
"Cactus","Melezitose",400,0.801
"Cactus","Methyl-?-D-glucoside",407,0.861
"Cactus","Soluble Starch",231,0.865
"Cactus","Cellobiose",525,0.739
"Cactus","Salicin",514,0.642
"Cactus","L-Sorbose",436,0.38
"Cactus","L-Rhamnose",212,0.595
"Cactus","D-Xylose",569,0.668
"Cactus","L-Arabinose",315,0.793
"Cactus","D-Arabinose",268,0.535
"Cactus","D-Ribose",357,0.726
"Cactus","Methanol",110,0.82
"Cactus","Ethanol",657,0.191
"Cactus","Glycerol",698,0.47
"Cactus","Erythritol",259,0.93
"Cactus","Ribitol",504,0.716
"Cactus","Galactitol",141,0.882
"Cactus","D-Mannitol",661,0.878
"Cactus","D-Glucitol",654,0.883
"Cactus","myo-Inositol",118,0.796
"Cactus","DL-Lactate",364,0.035
"Cactus","Succinate",653,0.297
"Cactus","Citrate",500,0.336
"Cactus","D-Gluconate",464,0.617
"Cactus","D-Glucosamine",325,0.398
"Cactus","Nitrate",185,0.898
"Cactus","Vitamin-free",204,0.975
"Cactus","2-Keto-D-gluconate",372,0.335
"Cactus","Starch formation",146,0.725
"Cactus","Growth at 19°C",773,0.881
"Cactus","Growth at 25°C",775,0.834
"Cactus","Growth at 30°C",685,0.099
"Cactus","Growth at 37°C",312,0.001
"Ipomoea","Glucose_F",583,0.298
"Ipomoea","Galactose_F",283,0.895
"Ipomoea","Sucrose_F",229,0.635
"Ipomoea","Maltose_F",187,0.566
"Ipomoea","Lactose_F",55,0.274
"Ipomoea","Raffinose_F",158,0.607
"Ipomoea","Trehalose_F",269,0.423
"Ipomoea","Glucose",797,1
"Ipomoea","Inulin",136,0.778
"Ipomoea","Sucrose",485,0.358
"Ipomoea","Raffinose",261,0.868
"Ipomoea","Melibiose",135,0.903
"Ipomoea","Galactose",509,0.052
"Ipomoea","Lactose",134,1
"Ipomoea","Trehalose",562,0.665
"Ipomoea","Maltose",452,0.367
"Ipomoea","Melezitose",371,0.281
"Ipomoea","Methyl-?-D-glucoside",390,0.62
"Ipomoea","Soluble Starch",230,1
"Ipomoea","Cellobiose",510,0.588
"Ipomoea","Salicin",503,0.546
"Ipomoea","L-Sorbose",403,0.004
"Ipomoea","L-Rhamnose",213,0.985
"Ipomoea","D-Xylose",560,0.597
"Ipomoea","L-Arabinose",320,0.99
"Ipomoea","D-Arabinose",273,0.901
"Ipomoea","D-Ribose",354,0.848
"Ipomoea","Methanol",101,1
"Ipomoea","Ethanol",678,0.765
"Ipomoea","Glycerol",709,0.719
"Ipomoea","Erythritol",254,1
"Ipomoea","Ribitol",485,0.401
"Ipomoea","Galactitol",132,0.884
"Ipomoea","D-Mannitol",638,0.344
"Ipomoea","D-Glucitol",625,0.252
"Ipomoea","myo-Inositol",109,1
"Ipomoea","DL-Lactate",403,0.984
"Ipomoea","Succinate",662,0.506
"Ipomoea","Citrate",497,0.413
"Ipomoea","D-Gluconate",449,0.429
"Ipomoea","D-Glucosamine",316,0.417
"Ipomoea","Nitrate",172,0.783
"Ipomoea","Vitamin-free",195,1
"Ipomoea","2-Keto-D-gluconate",349,0.075
"Ipomoea","Starch formation",141,1
"Ipomoea","Growth at 19°C",786,0.949
"Ipomoea","Growth at 25°C",788,0.891
"Ipomoea","Growth at 30°C",700,0.479
"Ipomoea","Growth at 37°C",353,0.681
"Oak","Glucose_F",576,0.638
"Oak","Galactose_F",284,0.682
"Oak","Sucrose_F",238,0.51
"Oak","Maltose_F",204,0.749
"Oak","Lactose_F",90,0.921
"Oak","Raffinose_F",169,0.38
"Oak","Trehalose_F",294,0.818
"Oak","Glucose",768,1
"Oak","Inulin",159,0.858
"Oak","Sucrose",492,0.661
"Oak","Raffinose",258,0.445
"Oak","Melibiose",150,0.684
"Oak","Galactose",538,0.893
"Oak","Lactose",145,0.582
"Oak","Trehalose",551,0.599
"Oak","Maltose",467,0.756
"Oak","Melezitose",386,0.569
"Oak","Methyl-?-D-glucoside",395,0.673
"Oak","Soluble Starch",229,0.64
"Oak","Cellobiose",509,0.67
"Oak","Salicin",500,0.55
"Oak","L-Sorbose",426,0.398
"Oak","L-Rhamnose",214,0.527
"Oak","D-Xylose",555,0.643
"Oak","L-Arabinose",309,0.706
"Oak","D-Arabinose",264,0.374
"Oak","D-Ribose",355,0.729
"Oak","Methanol",114,0.397
"Oak","Ethanol",649,0.409
"Oak","Glycerol",682,0.447
"Oak","Erythritol",255,0.8
"Oak","Ribitol",486,0.574
"Oak","Galactitol",157,0.941
"Oak","D-Mannitol",631,0.616
"Oak","D-Glucitol",614,0.488
"Oak","myo-Inositol",122,0.447
"Oak","DL-Lactate",344,0.008
"Oak","Succinate",641,0.372
"Oak","Citrate",504,0.738
"Oak","D-Gluconate",460,0.791
"Oak","D-Glucosamine",331,0.669
"Oak","Nitrate",179,0.522
"Oak","Vitamin-free",194,0.427
"Oak","2-Keto-D-gluconate",386,0.841
"Oak","Starch formation",154,0.676
"Oak","Growth at 19°C",757,0.865
"Oak","Growth at 25°C",759,0.801
"Oak","Growth at 30°C",683,0.627
"Oak","Growth at 37°C",354,0.56
"Hibiscus","Glucose_F",598,0.569
"Hibiscus","Galactose_F",270,0.913
"Hibiscus","Sucrose_F",216,0.617
"Hibiscus","Maltose_F",174,0.642
"Hibiscus","Lactose_F",38,0.502
"Hibiscus","Raffinose_F",141,0.621
"Hibiscus","Trehalose_F",268,0.675
"Hibiscus","Glucose",816,1
"Hibiscus","Inulin",119,0.717
"Hibiscus","Sucrose",494,0.488
"Hibiscus","Raffinose",242,0.59
"Hibiscus","Melibiose",114,0.724
"Hibiscus","Galactose",528,0.334
"Hibiscus","Lactose",115,1
"Hibiscus","Trehalose",571,0.735
"Hibiscus","Maltose",459,0.431
"Hibiscus","Melezitose",380,0.534
"Hibiscus","Methyl-?-D-glucoside",385,0.56
"Hibiscus","Soluble Starch",209,0.818
"Hibiscus","Cellobiose",523,0.878
"Hibiscus","Salicin",516,0.831
"Hibiscus","L-Sorbose",424,0.178
"Hibiscus","L-Rhamnose",196,1
"Hibiscus","D-Xylose",569,0.662
"Hibiscus","L-Arabinose",299,0.922
"Hibiscus","D-Arabinose",260,0.934
"Hibiscus","D-Ribose",339,0.61
"Hibiscus","Methanol",82,1
"Hibiscus","Ethanol",691,0.832
"Hibiscus","Glycerol",722,0.704
"Hibiscus","Erythritol",235,1
"Hibiscus","Ribitol",494,0.595
"Hibiscus","Galactitol",111,0.694
"Hibiscus","D-Mannitol",661,0.737
"Hibiscus","D-Glucitol",646,0.664
"Hibiscus","myo-Inositol",90,1
"Hibiscus","DL-Lactate",388,0.896
"Hibiscus","Succinate",683,0.84
"Hibiscus","Citrate",510,0.732
"Hibiscus","D-Gluconate",456,0.643
"Hibiscus","D-Glucosamine",317,0.682
"Hibiscus","Nitrate",155,0.698
"Hibiscus","Vitamin-free",170,0.705
"Hibiscus","2-Keto-D-gluconate",356,0.139
"Hibiscus","Starch formation",122,1
"Hibiscus","Growth at 19°C",805,0.967
"Hibiscus","Growth at 25°C",807,0.95
"Hibiscus","Growth at 30°C",717,0.609
"Hibiscus","Growth at 37°C",348,0.697
"Beetle","Glucose_F",510,0.299
"Beetle","Galactose_F",280,0.47
"Beetle","Sucrose_F",282,0.874
"Beetle","Maltose_F",236,0.539
"Beetle","Lactose_F",164,0.724
"Beetle","Raffinose_F",249,0.973
"Beetle","Trehalose_F",236,0.024
"Beetle","Glucose",684,1
"Beetle","Inulin",241,0.992
"Beetle","Sucrose",426,0.315
"Beetle","Raffinose",336,0.998
"Beetle","Melibiose",222,0.883
"Beetle","Galactose",448,0.221
"Beetle","Lactose",217,0.821
"Beetle","Trehalose",477,0.25
"Beetle","Maltose",389,0.146
"Beetle","Melezitose",334,0.125
"Beetle","Methyl-?-D-glucoside",345,0.198
"Beetle","Soluble Starch",285,0.94
"Beetle","Cellobiose",441,0.256
"Beetle","Salicin",430,0.176
"Beetle","L-Sorbose",422,0.864
"Beetle","L-Rhamnose",252,0.588
"Beetle","D-Xylose",473,0.149
"Beetle","L-Arabinose",337,0.879
"Beetle","D-Arabinose",288,0.543
"Beetle","D-Ribose",319,0.224
"Beetle","Methanol",200,0.925
"Beetle","Ethanol",581,0.489
"Beetle","Glycerol",602,0.312
"Beetle","Erythritol",265,0.452
"Beetle","Ribitol",398,0.031
"Beetle","Galactitol",225,0.822
"Beetle","D-Mannitol",531,0.051
"Beetle","D-Glucitol",514,0.007
"Beetle","myo-Inositol",208,0.825
"Beetle","DL-Lactate",426,0.997
"Beetle","Succinate",557,0.138
"Beetle","Citrate",426,0.161
"Beetle","D-Gluconate",400,0.307
"Beetle","D-Glucosamine",293,0.116
"Beetle","Nitrate",269,0.992
"Beetle","Vitamin-free",268,0.981
"Beetle","2-Keto-D-gluconate",312,0.051
"Beetle","Starch formation",238,0.989
"Beetle","Growth at 19°C",673,0.775
"Beetle","Growth at 25°C",675,0.682
"Beetle","Growth at 30°C",603,0.483
"Beetle","Growth at 37°C",402,0.995
"Ant","Glucose_F",605,0.922
"Ant","Galactose_F",261,0.962
"Ant","Sucrose_F",209,0.908
"Ant","Maltose_F",165,0.767
"Ant","Lactose_F",33,1
"Ant","Raffinose_F",134,0.943
"Ant","Trehalose_F",265,1
"Ant","Glucose",827,1
"Ant","Inulin",108,0.874
"Ant","Sucrose",503,0.959
"Ant","Raffinose",237,0.911
"Ant","Melibiose",103,0.874
"Ant","Galactose",537,0.756
"Ant","Lactose",102,0.955
"Ant","Trehalose",578,0.979
"Ant","Maltose",466,0.877
"Ant","Melezitose",383,0.957
"Ant","Methyl-?-D-glucoside",386,0.841
"Ant","Soluble Starch",194,0.727
"Ant","Cellobiose",522,0.901
"Ant","Salicin",515,0.895
"Ant","L-Sorbose",435,0.823
"Ant","L-Rhamnose",181,0.764
"Ant","D-Xylose",576,0.922
"Ant","L-Arabinose",286,0.76
"Ant","D-Arabinose",247,0.831
"Ant","D-Ribose",336,0.805
"Ant","Methanol",71,1
"Ant","Ethanol",698,0.958
"Ant","Glycerol",733,0.931
"Ant","Erythritol",218,0.691
"Ant","Ribitol",499,0.891
"Ant","Galactitol",98,0.639
"Ant","D-Mannitol",668,0.893
"Ant","D-Glucitol",655,0.869
"Ant","myo-Inositol",77,0.745
"Ant","DL-Lactate",381,0.889
"Ant","Succinate",690,0.94
"Ant","Citrate",511,0.852
"Ant","D-Gluconate",455,0.673
"Ant","D-Glucosamine",314,0.946
"Ant","Nitrate",148,1
"Ant","Vitamin-free",161,0.882
"Ant","2-Keto-D-gluconate",367,0.941
"Ant","Starch formation",111,1
"Ant","Growth at 19°C",816,0.992
"Ant","Growth at 25°C",818,0.99
"Ant","Growth at 30°C",728,0.904
"Ant","Growth at 37°C",343,0.773
"Fruit.fly","Glucose_F",577,0.298
"Fruit.fly","Galactose_F",275,0.377
"Fruit.fly","Sucrose_F",223,0.187
"Fruit.fly","Maltose_F",193,0.421
"Fruit.fly","Lactose_F",75,0.427
"Fruit.fly","Raffinose_F",152,0.104
"Fruit.fly","Trehalose_F",275,0.378
"Fruit.fly","Glucose",777,1
"Fruit.fly","Inulin",144,0.505
"Fruit.fly","Sucrose",485,0.312
"Fruit.fly","Raffinose",255,0.351
"Fruit.fly","Melibiose",145,0.595
"Fruit.fly","Galactose",521,0.368
"Fruit.fly","Lactose",146,0.731
"Fruit.fly","Trehalose",566,0.756
"Fruit.fly","Maltose",458,0.424
"Fruit.fly","Melezitose",379,0.29
"Fruit.fly","Methyl-?-D-glucoside",392,0.528
"Fruit.fly","Soluble Starch",242,0.949
"Fruit.fly","Cellobiose",512,0.659
"Fruit.fly","Salicin",507,0.68
"Fruit.fly","L-Sorbose",417,0.121
"Fruit.fly","L-Rhamnose",225,0.864
"Fruit.fly","D-Xylose",564,0.752
"Fruit.fly","L-Arabinose",322,0.912
"Fruit.fly","D-Arabinose",287,0.872
"Fruit.fly","D-Ribose",376,0.974
"Fruit.fly","Methanol",119,0.925
"Fruit.fly","Ethanol",660,0.398
"Fruit.fly","Glycerol",701,0.671
"Fruit.fly","Erythritol",274,1
"Fruit.fly","Ribitol",493,0.623
"Fruit.fly","Galactitol",148,0.863
"Fruit.fly","D-Mannitol",634,0.532
"Fruit.fly","D-Glucitol",625,0.555
"Fruit.fly","myo-Inositol",123,0.787
"Fruit.fly","DL-Lactate",381,0.382
"Fruit.fly","Succinate",664,0.83
"Fruit.fly","Citrate",525,0.956
"Fruit.fly","D-Gluconate",455,0.562
"Fruit.fly","D-Glucosamine",338,0.792
"Fruit.fly","Nitrate",192,0.915
"Fruit.fly","Vitamin-free",207,0.914
"Fruit.fly","2-Keto-D-gluconate",367,0.32
"Fruit.fly","Starch formation",157,0.941
"Fruit.fly","Growth at 19°C",766,0.881
"Fruit.fly","Growth at 25°C",768,0.824
"Fruit.fly","Growth at 30°C",682,0.282
"Fruit.fly","Growth at 37°C",341,0.181
"Bee","Glucose_F",586,0.231
"Bee","Galactose_F",272,0.667
"Bee","Sucrose_F",212,0.151
"Bee","Maltose_F",170,0.127
"Bee","Lactose_F",44,0.053
"Bee","Raffinose_F",139,0.103
"Bee","Trehalose_F",272,0.5
"Bee","Glucose",804,1
"Bee","Inulin",133,0.887
"Bee","Sucrose",500,0.683
"Bee","Raffinose",242,0.307
"Bee","Melibiose",126,0.809
"Bee","Galactose",522,0.215
"Bee","Lactose",125,0.96
"Bee","Trehalose",587,0.973
"Bee","Maltose",469,0.749
"Bee","Melezitose",392,0.798
"Bee","Methyl-?-D-glucoside",395,0.707
"Bee","Soluble Starch",215,0.85
"Bee","Cellobiose",529,0.905
"Bee","Salicin",518,0.821
"Bee","L-Sorbose",422,0.113
"Bee","L-Rhamnose",204,0.946
"Bee","D-Xylose",589,0.986
"Bee","L-Arabinose",309,0.962
"Bee","D-Arabinose",270,0.977
"Bee","D-Ribose",339,0.407
"Bee","Methanol",94,1
"Bee","Ethanol",693,0.922
"Bee","Glycerol",714,0.601
"Bee","Erythritol",239,0.871
"Bee","Ribitol",506,0.883
"Bee","Galactitol",125,0.949
"Bee","D-Mannitol",647,0.427
"Bee","D-Glucitol",636,0.475
"Bee","myo-Inositol",100,0.947
"Bee","DL-Lactate",400,0.978
"Bee","Succinate",679,0.805
"Bee","Citrate",506,0.564
"Bee","D-Gluconate",448,0.287
"Bee","D-Glucosamine",329,0.874
"Bee","Nitrate",155,0.249
"Bee","Vitamin-free",182,0.871
"Bee","2-Keto-D-gluconate",364,0.328
"Bee","Starch formation",132,0.859
"Bee","Growth at 19°C",793,0.938
"Bee","Growth at 25°C",795,0.897
"Bee","Growth at 30°C",707,0.448
"Bee","Growth at 37°C",342,0.284
"Water","Glucose_F",603,0.766
"Water","Galactose_F",259,0.698
"Water","Sucrose_F",209,0.786
"Water","Maltose_F",165,0.732
"Water","Lactose_F",33,1
"Water","Raffinose_F",136,1
"Water","Trehalose_F",261,0.825
"Water","Glucose",827,1
"Water","Inulin",112,1
"Water","Sucrose",503,0.937
"Water","Raffinose",241,1
"Water","Melibiose",107,1
"Water","Galactose",541,0.921
"Water","Lactose",102,0.837
"Water","Trehalose",576,0.9
"Water","Maltose",466,0.85
"Water","Melezitose",381,0.78
"Water","Methyl-?-D-glucoside",386,0.762
"Water","Soluble Starch",196,0.815
"Water","Cellobiose",522,0.882
"Water","Salicin",515,0.851
"Water","L-Sorbose",437,0.861
"Water","L-Rhamnose",183,0.861
"Water","D-Xylose",576,0.912
"Water","L-Arabinose",290,0.91
"Water","D-Arabinose",249,0.9
"Water","D-Ribose",338,0.863
"Water","Methanol",69,0.8
"Water","Ethanol",696,0.884
"Water","Glycerol",733,0.916
"Water","Erythritol",222,0.873
"Water","Ribitol",501,0.939
"Water","Galactitol",104,1
"Water","D-Mannitol",668,0.908
"Water","D-Glucitol",655,0.866
"Water","myo-Inositol",79,1
"Water","DL-Lactate",379,0.69
"Water","Succinate",688,0.878
"Water","Citrate",513,0.917
"Water","D-Gluconate",457,0.826
"Water","D-Glucosamine",314,0.849
"Water","Nitrate",144,0.666
"Water","Vitamin-free",161,0.743
"Water","2-Keto-D-gluconate",365,0.744
"Water","Starch formation",111,1
"Water","Growth at 19°C",816,0.997
"Water","Growth at 25°C",818,0.986
"Water","Growth at 30°C",728,0.889
"Water","Growth at 37°C",345,0.859
"Tree.exudate","Glucose_F",572,0.215
"Tree.exudate","Galactose_F",278,0.621
"Tree.exudate","Sucrose_F",222,0.234
"Tree.exudate","Maltose_F",196,0.62
"Tree.exudate","Lactose_F",78,0.89
"Tree.exudate","Raffinose_F",163,0.391
"Tree.exudate","Trehalose_F",286,0.779
"Tree.exudate","Glucose",780,1
"Tree.exudate","Inulin",147,0.793
"Tree.exudate","Sucrose",490,0.568
"Tree.exudate","Raffinose",260,0.617
"Tree.exudate","Melibiose",144,0.813
"Tree.exudate","Galactose",544,0.927
"Tree.exudate","Lactose",145,0.843
"Tree.exudate","Trehalose",561,0.708
"Tree.exudate","Maltose",467,0.726
"Tree.exudate","Melezitose",386,0.59
"Tree.exudate","Methyl-?-D-glucoside",387,0.499
"Tree.exudate","Soluble Starch",233,0.906
"Tree.exudate","Cellobiose",511,0.616
"Tree.exudate","Salicin",504,0.557
"Tree.exudate","L-Sorbose",430,0.485
"Tree.exudate","L-Rhamnose",200,0.31
"Tree.exudate","D-Xylose",559,0.599
"Tree.exudate","L-Arabinose",309,0.773
"Tree.exudate","D-Arabinose",270,0.675
"Tree.exudate","D-Ribose",347,0.617
"Tree.exudate","Methanol",98,0.203
"Tree.exudate","Ethanol",655,0.255
"Tree.exudate","Glycerol",700,0.73
"Tree.exudate","Erythritol",241,0.566
"Tree.exudate","Ribitol",492,0.6
"Tree.exudate","Galactitol",143,0.871
"Tree.exudate","D-Mannitol",637,0.561
"Tree.exudate","D-Glucitol",622,0.429
"Tree.exudate","myo-Inositol",124,0.892
"Tree.exudate","DL-Lactate",364,0.106
"Tree.exudate","Succinate",655,0.516
"Tree.exudate","Citrate",510,0.817
"Tree.exudate","D-Gluconate",464,0.842
"Tree.exudate","D-Glucosamine",327,0.659
"Tree.exudate","Nitrate",181,0.772
"Tree.exudate","Vitamin-free",200,0.833
"Tree.exudate","2-Keto-D-gluconate",378,0.697
"Tree.exudate","Starch formation",154,0.942
"Tree.exudate","Growth at 19°C",769,0.89
"Tree.exudate","Growth at 25°C",771,0.835
"Tree.exudate","Growth at 30°C",687,0.358
"Tree.exudate","Growth at 37°C",342,0.279
"Tree.flux","Glucose_F",578,0.36
"Tree.flux","Galactose_F",280,0.644
"Tree.flux","Sucrose_F",234,0.566
"Tree.flux","Maltose_F",202,0.727
"Tree.flux","Lactose_F",80,0.782
"Tree.flux","Raffinose_F",165,0.554
"Tree.flux","Trehalose_F",290,0.82
"Tree.flux","Glucose",778,1
"Tree.flux","Inulin",143,0.573
"Tree.flux","Sucrose",492,0.572
"Tree.flux","Raffinose",264,0.747
"Tree.flux","Melibiose",142,0.683
"Tree.flux","Galactose",538,0.84
"Tree.flux","Lactose",145,0.805
"Tree.flux","Trehalose",565,0.778
"Tree.flux","Maltose",461,0.538
"Tree.flux","Melezitose",384,0.456
"Tree.flux","Methyl-?-D-glucoside",393,0.619
"Tree.flux","Soluble Starch",233,0.86
"Tree.flux","Cellobiose",519,0.801
"Tree.flux","Salicin",512,0.747
"Tree.flux","L-Sorbose",420,0.223
"Tree.flux","L-Rhamnose",198,0.208
"Tree.flux","D-Xylose",557,0.585
"Tree.flux","L-Arabinose",317,0.891
"Tree.flux","D-Arabinose",270,0.62
"Tree.flux","D-Ribose",347,0.589
"Tree.flux","Methanol",106,0.434
"Tree.flux","Ethanol",651,0.188
"Tree.flux","Glycerol",692,0.577
"Tree.flux","Erythritol",257,0.881
"Tree.flux","Ribitol",494,0.651
"Tree.flux","Galactitol",143,0.775
"Tree.flux","D-Mannitol",639,0.609
"Tree.flux","D-Glucitol",622,0.448
"Tree.flux","myo-Inositol",122,0.764
"Tree.flux","DL-Lactate",360,0.062
"Tree.flux","Succinate",645,0.243
"Tree.flux","Citrate",510,0.795
"Tree.flux","D-Gluconate",462,0.757
"Tree.flux","D-Glucosamine",335,0.761
"Tree.flux","Nitrate",183,0.721
"Tree.flux","Vitamin-free",194,0.57
"Tree.flux","2-Keto-D-gluconate",370,0.471
"Tree.flux","Starch formation",152,0.825
"Tree.flux","Growth at 19°C",767,0.874
"Tree.flux","Growth at 25°C",769,0.824
"Tree.flux","Growth at 30°C",687,0.327
"Tree.flux","Growth at 37°C",360,0.734
"Honey","Glucose_F",602,0.558
"Honey","Galactose_F",262,0.956
"Honey","Sucrose_F",210,0.583
"Honey","Maltose_F",164,0.301
"Honey","Lactose_F",34,1
"Honey","Raffinose_F",133,0.512
"Honey","Trehalose_F",266,1
"Honey","Glucose",826,1
"Honey","Inulin",113,1
"Honey","Sucrose",500,0.616
"Honey","Raffinose",236,0.537
"Honey","Melibiose",106,0.927
"Honey","Galactose",540,0.781
"Honey","Lactose",103,0.928
"Honey","Trehalose",579,0.926
"Honey","Maltose",465,0.627
"Honey","Melezitose",384,0.833
"Honey","Methyl-?-D-glucoside",389,0.831
"Honey","Soluble Starch",199,0.946
"Honey","Cellobiose",527,0.983
"Honey","Salicin",520,0.988
"Honey","L-Sorbose",436,0.709
"Honey","L-Rhamnose",184,0.929
"Honey","D-Xylose",581,0.986
"Honey","L-Arabinose",291,0.953
"Honey","D-Arabinose",250,0.962
"Honey","D-Ribose",339,0.816
"Honey","Methanol",72,1
"Honey","Ethanol",701,0.976
"Honey","Glycerol",732,0.859
"Honey","Erythritol",223,0.952
"Honey","Ribitol",504,0.983
"Honey","Galactitol",103,0.912
"Honey","D-Mannitol",669,0.881
"Honey","D-Glucitol",656,0.869
"Honey","myo-Inositol",78,0.919
"Honey","DL-Lactate",384,0.971
"Honey","Succinate",693,0.974
"Honey","Citrate",514,0.9
"Honey","D-Gluconate",458,0.745
"Honey","D-Glucosamine",317,0.957
"Honey","Nitrate",147,0.733
"Honey","Vitamin-free",164,0.754
"Honey","2-Keto-D-gluconate",364,0.447
"Honey","Starch formation",110,0.658
"Honey","Growth at 19°C",815,0.986
"Honey","Growth at 25°C",817,0.985
"Honey","Growth at 30°C",727,0.801
"Honey","Growth at 37°C",346,0.674
"Nematode","Glucose_F",612,1
"Nematode","Galactose_F",264,1
"Nematode","Sucrose_F",214,1
"Nematode","Maltose_F",170,1
"Nematode","Lactose_F",34,1
"Nematode","Raffinose_F",137,1
"Nematode","Trehalose_F",266,1
"Nematode","Glucose",826,1
"Nematode","Inulin",113,1
"Nematode","Sucrose",506,0.89
"Nematode","Raffinose",242,1
"Nematode","Melibiose",108,1
"Nematode","Galactose",546,1
"Nematode","Lactose",105,1
"Nematode","Trehalose",575,0.648
"Nematode","Maltose",473,1
"Nematode","Melezitose",388,1
"Nematode","Methyl-?-D-glucoside",393,1
"Nematode","Soluble Starch",199,0.656
"Nematode","Cellobiose",529,1
"Nematode","Salicin",522,1
"Nematode","L-Sorbose",432,0.28
"Nematode","L-Rhamnose",186,1
"Nematode","D-Xylose",581,0.927
"Nematode","L-Arabinose",293,1
"Nematode","D-Arabinose",252,1
"Nematode","D-Ribose",343,1
"Nematode","Methanol",72,1
"Nematode","Ethanol",695,0.691
"Nematode","Glycerol",732,0.796
"Nematode","Erythritol",225,1
"Nematode","Ribitol",506,1
"Nematode","Galactitol",105,1
"Nematode","D-Mannitol",669,0.808
"Nematode","D-Glucitol",656,0.783
"Nematode","myo-Inositol",80,1
"Nematode","DL-Lactate",378,0.271
"Nematode","Succinate",687,0.694
"Nematode","Citrate",518,1
"Nematode","D-Gluconate",464,1
"Nematode","D-Glucosamine",319,1
"Nematode","Nitrate",149,1
"Nematode","Vitamin-free",164,0.649
"Nematode","2-Keto-D-gluconate",364,0.311
"Nematode","Starch formation",108,0.353
"Nematode","Growth at 19°C",815,0.976
"Nematode","Growth at 25°C",817,0.982
"Nematode","Growth at 30°C",729,0.818
"Nematode","Growth at 37°C",346,0.534
"Mushroom.Fungus","Glucose_F",564,0.216
"Mushroom.Fungus","Galactose_F",252,0.169
"Mushroom.Fungus","Sucrose_F",250,0.933
"Mushroom.Fungus","Maltose_F",196,0.682
"Mushroom.Fungus","Lactose_F",82,0.918
"Mushroom.Fungus","Raffinose_F",175,0.844
"Mushroom.Fungus","Trehalose_F",248,0.092
"Mushroom.Fungus","Glucose",776,1
"Mushroom.Fungus","Inulin",153,0.796
"Mushroom.Fungus","Sucrose",484,0.659
"Mushroom.Fungus","Raffinose",274,0.947
"Mushroom.Fungus","Melibiose",146,0.785
"Mushroom.Fungus","Galactose",512,0.512
"Mushroom.Fungus","Lactose",137,0.635
"Mushroom.Fungus","Trehalose",537,0.342
"Mushroom.Fungus","Maltose",445,0.438
"Mushroom.Fungus","Melezitose",378,0.578
"Mushroom.Fungus","Methyl-?-D-glucoside",367,0.23
"Mushroom.Fungus","Soluble Starch",221,0.631
"Mushroom.Fungus","Cellobiose",489,0.26
"Mushroom.Fungus","Salicin",490,0.454
"Mushroom.Fungus","L-Sorbose",446,0.928
"Mushroom.Fungus","L-Rhamnose",216,0.762
"Mushroom.Fungus","D-Xylose",543,0.461
"Mushroom.Fungus","L-Arabinose",315,0.903
"Mushroom.Fungus","D-Arabinose",258,0.47
"Mushroom.Fungus","D-Ribose",337,0.502
"Mushroom.Fungus","Methanol",114,0.657
"Mushroom.Fungus","Ethanol",661,0.769
"Mushroom.Fungus","Glycerol",682,0.306
"Mushroom.Fungus","Erythritol",239,0.587
"Mushroom.Fungus","Ribitol",464,0.194
"Mushroom.Fungus","Galactitol",141,0.725
"Mushroom.Fungus","D-Mannitol",623,0.388
"Mushroom.Fungus","D-Glucitol",610,0.325
"Mushroom.Fungus","myo-Inositol",122,0.812
"Mushroom.Fungus","DL-Lactate",400,0.947
"Mushroom.Fungus","Succinate",643,0.298
"Mushroom.Fungus","Citrate",470,0.115
"Mushroom.Fungus","D-Gluconate",438,0.495
"Mushroom.Fungus","D-Glucosamine",301,0.17
"Mushroom.Fungus","Nitrate",191,0.953
"Mushroom.Fungus","Vitamin-free",202,0.901
"Mushroom.Fungus","2-Keto-D-gluconate",340,0.098
"Mushroom.Fungus","Starch formation",158,0.973
"Mushroom.Fungus","Growth at 19°C",765,0.9
"Mushroom.Fungus","Growth at 25°C",767,0.87
"Mushroom.Fungus","Growth at 30°C",683,0.375
"Mushroom.Fungus","Growth at 37°C",386,0.998
"Soil","Glucose_F",536,0.78
"Soil","Galactose_F",302,0.279
"Soil","Sucrose_F",274,0.424
"Soil","Maltose_F",264,0.722
"Soil","Lactose_F",192,0.927
"Soil","Raffinose_F",227,0.308
"Soil","Trehalose_F",344,0.95
"Soil","Glucose",664,1
"Soil","Inulin",187,0.071
"Soil","Sucrose",460,0.434
"Soil","Raffinose",270,0.145
"Soil","Melibiose",184,0.09
"Soil","Galactose",464,0.19
"Soil","Lactose",191,0.136
"Soil","Trehalose",505,0.405
"Soil","Maltose",449,0.644
"Soil","Melezitose",386,0.443
"Soil","Methyl-?-D-glucoside",375,0.245
"Soil","Soluble Starch",267,0.581
"Soil","Cellobiose",485,0.685
"Soil","Salicin",476,0.613
"Soil","L-Sorbose",404,0.262
"Soil","L-Rhamnose",262,0.643
"Soil","D-Xylose",527,0.84
"Soil","L-Arabinose",321,0.462
"Soil","D-Arabinose",322,0.872
"Soil","D-Ribose",375,0.811
"Soil","Methanol",200,0.504
"Soil","Ethanol",587,0.373
"Soil","Glycerol",628,0.914
"Soil","Erythritol",287,0.586
"Soil","Ribitol",496,0.937
"Soil","Galactitol",187,0.153
"Soil","D-Mannitol",595,0.89
"Soil","D-Glucitol",586,0.91
"Soil","myo-Inositol",200,0.605
"Soil","DL-Lactate",386,0.56
"Soil","Succinate",613,0.949
"Soil","Citrate",486,0.779
"Soil","D-Gluconate",426,0.365
"Soil","D-Glucosamine",383,0.957
"Soil","Nitrate",257,0.848
"Soil","Vitamin-free",226,0.124
"Soil","2-Keto-D-gluconate",388,0.715
"Soil","Starch formation",222,0.542
"Soil","Growth at 19°C",659,0.891
"Soil","Growth at 25°C",659,0.781
"Soil","Growth at 30°C",583,0.124
"Soil","Growth at 37°C",356,0.409
"Insect.Frass","Glucose_F",562,0.733
"Insect.Frass","Galactose_F",280,0.855
"Insect.Frass","Sucrose_F",244,0.888
"Insect.Frass","Maltose_F",208,0.829
"Insect.Frass","Lactose_F",106,0.975
"Insect.Frass","Raffinose_F",189,0.945
"Insect.Frass","Trehalose_F",270,0.545
"Insect.Frass","Glucose",752,1
"Insect.Frass","Inulin",171,0.931
"Insect.Frass","Sucrose",480,0.864
"Insect.Frass","Raffinose",264,0.871
"Insect.Frass","Melibiose",154,0.717
"Insect.Frass","Galactose",524,0.96
"Insect.Frass","Lactose",145,0.528
"Insect.Frass","Trehalose",521,0.319
"Insect.Frass","Maltose",439,0.639
"Insect.Frass","Melezitose",364,0.505
"Insect.Frass","Methyl-?-D-glucoside",361,0.343
"Insect.Frass","Soluble Starch",227,0.793
"Insect.Frass","Cellobiose",473,0.283
"Insect.Frass","Salicin",464,0.215
"Insect.Frass","L-Sorbose",432,0.901
"Insect.Frass","L-Rhamnose",178,0.075
"Insect.Frass","D-Xylose",507,0.059
"Insect.Frass","L-Arabinose",265,0.104
"Insect.Frass","D-Arabinose",242,0.204
"Insect.Frass","D-Ribose",321,0.309
"Insect.Frass","Methanol",126,0.555
"Insect.Frass","Ethanol",623,0.159
"Insect.Frass","Glycerol",666,0.663
"Insect.Frass","Erythritol",225,0.277
"Insect.Frass","Ribitol",466,0.591
"Insect.Frass","Galactitol",151,0.578
"Insect.Frass","D-Mannitol",607,0.415
"Insect.Frass","D-Glucitol",590,0.247
"Insect.Frass","myo-Inositol",136,0.611
"Insect.Frass","DL-Lactate",388,0.929
"Insect.Frass","Succinate",619,0.333
"Insect.Frass","Citrate",478,0.655
"Insect.Frass","D-Gluconate",408,0.119
"Insect.Frass","D-Glucosamine",311,0.513
"Insect.Frass","Nitrate",181,0.598
"Insect.Frass","Vitamin-free",208,0.892
"Insect.Frass","2-Keto-D-gluconate",360,0.654
"Insect.Frass","Starch formation",176,0.963
"Insect.Frass","Growth at 19°C",741,0.897
"Insect.Frass","Growth at 25°C",743,0.8
"Insect.Frass","Growth at 30°C",653,0.12
"Insect.Frass","Growth at 37°C",328,0.402
"Unknown","Glucose_F",604,0.776
"Unknown","Galactose_F",258,0.604
"Unknown","Sucrose_F",210,0.945
"Unknown","Maltose_F",166,0.951
"Unknown","Lactose_F",32,1
"Unknown","Raffinose_F",133,0.945
"Unknown","Trehalose_F",260,0.825
"Unknown","Glucose",828,1
"Unknown","Inulin",109,0.948
"Unknown","Sucrose",504,0.984
"Unknown","Raffinose",236,0.821
"Unknown","Melibiose",102,0.756
"Unknown","Galactose",538,0.754
"Unknown","Lactose",103,1
"Unknown","Trehalose",579,0.982
"Unknown","Maltose",469,0.988
"Unknown","Melezitose",384,0.984
"Unknown","Methyl-?-D-glucoside",387,0.914
"Unknown","Soluble Starch",197,0.967
"Unknown","Cellobiose",523,0.931
"Unknown","Salicin",516,0.928
"Unknown","L-Sorbose",436,0.894
"Unknown","L-Rhamnose",184,1
"Unknown","D-Xylose",577,0.948
"Unknown","L-Arabinose",287,0.854
"Unknown","D-Arabinose",246,0.819
"Unknown","D-Ribose",337,0.852
"Unknown","Methanol",70,1
"Unknown","Ethanol",699,0.969
"Unknown","Glycerol",736,0.987
"Unknown","Erythritol",219,0.826
"Unknown","Ribitol",500,0.927
"Unknown","Galactitol",99,0.746
"Unknown","D-Mannitol",671,0.976
"Unknown","D-Glucitol",658,0.975
"Unknown","myo-Inositol",74,0.731
"Unknown","DL-Lactate",380,0.862
"Unknown","Succinate",691,0.965
"Unknown","Citrate",514,0.987
"Unknown","D-Gluconate",458,0.916
"Unknown","D-Glucosamine",313,0.829
"Unknown","Nitrate",145,0.946
"Unknown","Vitamin-free",164,1
"Unknown","2-Keto-D-gluconate",366,0.726
"Unknown","Starch formation",108,0.571
"Unknown","Growth at 19°C",817,0.993
"Unknown","Growth at 25°C",819,0.985
"Unknown","Growth at 30°C",731,0.975
"Unknown","Growth at 37°C",346,0.97
"Air","Glucose_F",602,0.833
"Air","Galactose_F",258,0.701
"Air","Sucrose_F",210,0.718
"Air","Maltose_F",164,0.543
"Air","Lactose_F",38,1
"Air","Raffinose_F",137,0.84
"Air","Trehalose_F",260,0.667
"Air","Glucose",822,1
"Air","Inulin",109,0.508
"Air","Sucrose",498,0.786
"Air","Raffinose",240,0.835
"Air","Melibiose",108,0.832
"Air","Galactose",534,0.685
"Air","Lactose",105,0.733
"Air","Trehalose",569,0.652
"Air","Maltose",459,0.549
"Air","Melezitose",382,0.779
"Air","Methyl-?-D-glucoside",381,0.536
"Air","Soluble Starch",197,0.591
"Air","Cellobiose",517,0.684
"Air","Salicin",514,0.869
"Air","L-Sorbose",432,0.66
"Air","L-Rhamnose",188,0.969
"Air","D-Xylose",571,0.766
"Air","L-Arabinose",285,0.586
"Air","D-Arabinose",250,0.852
"Air","D-Ribose",337,0.735
"Air","Methanol",74,0.81
"Air","Ethanol",693,0.899
"Air","Glycerol",728,0.862
"Air","Erythritol",217,0.478
"Air","Ribitol",494,0.672
"Air","Galactitol",103,0.605
"Air","D-Mannitol",663,0.802
"Air","D-Glucitol",650,0.801
"Air","myo-Inositol",82,0.822
"Air","DL-Lactate",382,0.845
"Air","Succinate",683,0.788
"Air","Citrate",510,0.852
"Air","D-Gluconate",458,0.886
"Air","D-Glucosamine",309,0.526
"Air","Nitrate",153,1
"Air","Vitamin-free",164,0.726
"Air","2-Keto-D-gluconate",366,0.793
"Air","Starch formation",114,0.869
"Air","Growth at 19°C",811,0.985
"Air","Growth at 25°C",813,0.984
"Air","Growth at 30°C",725,0.905
"Air","Growth at 37°C",346,0.857
"Leather.Tanning","Glucose_F",593,0.359
"Leather.Tanning","Galactose_F",265,0.619
"Leather.Tanning","Sucrose_F",217,0.806
"Leather.Tanning","Maltose_F",179,0.952
"Leather.Tanning","Lactose_F",47,1
"Leather.Tanning","Raffinose_F",144,0.877
"Leather.Tanning","Trehalose_F",269,0.793
"Leather.Tanning","Glucose",813,1
"Leather.Tanning","Inulin",124,0.984
"Leather.Tanning","Sucrose",505,0.894
"Leather.Tanning","Raffinose",245,0.826
"Leather.Tanning","Melibiose",113,0.679
"Leather.Tanning","Galactose",539,0.8
"Leather.Tanning","Lactose",110,0.63
"Leather.Tanning","Trehalose",576,0.862
"Leather.Tanning","Maltose",468,0.809
"Leather.Tanning","Melezitose",383,0.681
"Leather.Tanning","Methyl-?-D-glucoside",388,0.662
"Leather.Tanning","Soluble Starch",204,0.709
"Leather.Tanning","Cellobiose",520,0.731
"Leather.Tanning","Salicin",511,0.644
"Leather.Tanning","L-Sorbose",443,0.903
"Leather.Tanning","L-Rhamnose",183,0.387
"Leather.Tanning","D-Xylose",566,0.471
"Leather.Tanning","L-Arabinose",284,0.34
"Leather.Tanning","D-Arabinose",255,0.769
"Leather.Tanning","D-Ribose",338,0.548
"Leather.Tanning","Methanol",79,0.588
"Leather.Tanning","Ethanol",684,0.521
"Leather.Tanning","Glycerol",721,0.666
"Leather.Tanning","Erythritol",226,0.674
"Leather.Tanning","Ribitol",497,0.671
"Leather.Tanning","Galactitol",110,0.7
"Leather.Tanning","D-Mannitol",666,0.866
"Leather.Tanning","D-Glucitol",651,0.811
"Leather.Tanning","myo-Inositol",91,0.826
"Leather.Tanning","DL-Lactate",373,0.241
"Leather.Tanning","Succinate",678,0.594
"Leather.Tanning","Citrate",509,0.713
"Leather.Tanning","D-Gluconate",455,0.567
"Leather.Tanning","D-Glucosamine",318,0.666
"Leather.Tanning","Nitrate",154,0.641
"Leather.Tanning","Vitamin-free",177,0.927
"Leather.Tanning","2-Keto-D-gluconate",373,0.836
"Leather.Tanning","Starch formation",123,0.907
"Leather.Tanning","Growth at 19°C",802,0.967
"Leather.Tanning","Growth at 25°C",804,0.941
"Leather.Tanning","Growth at 30°C",716,0.587
"Leather.Tanning","Growth at 37°C",345,0.549
"Industrial","Glucose_F",584,0.458
"Industrial","Galactose_F",268,0.418
"Industrial","Sucrose_F",224,0.641
"Industrial","Maltose_F",190,0.757
"Industrial","Lactose_F",72,0.771
"Industrial","Raffinose_F",159,0.706
"Industrial","Trehalose_F",274,0.615
"Industrial","Glucose",786,1
"Industrial","Inulin",145,0.85
"Industrial","Sucrose",500,0.801
"Industrial","Raffinose",254,0.751
"Industrial","Melibiose",138,0.826
"Industrial","Galactose",524,0.55
"Industrial","Lactose",135,0.781
"Industrial","Trehalose",569,0.806
"Industrial","Maltose",465,0.739
"Industrial","Melezitose",382,0.53
"Industrial","Methyl-?-D-glucoside",389,0.621
"Industrial","Soluble Starch",211,0.476
"Industrial","Cellobiose",521,0.839
"Industrial","Salicin",512,0.779
"Industrial","L-Sorbose",424,0.331
"Industrial","L-Rhamnose",206,0.733
"Industrial","D-Xylose",557,0.466
"Industrial","L-Arabinose",299,0.629
"Industrial","D-Arabinose",270,0.852
"Industrial","D-Ribose",349,0.782
"Industrial","Methanol",106,0.795
"Industrial","Ethanol",659,0.227
"Industrial","Glycerol",702,0.611
"Industrial","Erythritol",249,0.887
"Industrial","Ribitol",498,0.778
"Industrial","Galactitol",127,0.65
"Industrial","D-Mannitol",653,0.805
"Industrial","D-Glucitol",634,0.635
"Industrial","myo-Inositol",108,0.605
"Industrial","DL-Lactate",354,0.025
"Industrial","Succinate",657,0.475
"Industrial","Citrate",506,0.725
"Industrial","D-Gluconate",454,0.614
"Industrial","D-Glucosamine",329,0.8
"Industrial","Nitrate",179,0.883
"Industrial","Vitamin-free",186,0.491
"Industrial","2-Keto-D-gluconate",370,0.565
"Industrial","Starch formation",142,0.673
"Industrial","Growth at 19°C",777,0.932
"Industrial","Growth at 25°C",777,0.873
"Industrial","Growth at 30°C",689,0.206
"Industrial","Growth at 37°C",336,0.214
"Fodder","Glucose_F",604,0.767
"Fodder","Galactose_F",258,0.682
"Fodder","Sucrose_F",210,0.872
"Fodder","Maltose_F",166,0.831
"Fodder","Lactose_F",34,1
"Fodder","Raffinose_F",135,0.934
"Fodder","Trehalose_F",262,0.895
"Fodder","Glucose",826,1
"Fodder","Inulin",113,1
"Fodder","Sucrose",504,0.957
"Fodder","Raffinose",240,0.956
"Fodder","Melibiose",108,1
"Fodder","Galactose",538,0.737
"Fodder","Lactose",105,1
"Fodder","Trehalose",577,0.919
"Fodder","Maltose",467,0.865
"Fodder","Melezitose",384,0.922
"Fodder","Methyl-?-D-glucoside",389,0.927
"Fodder","Soluble Starch",197,0.889
"Fodder","Cellobiose",523,0.887
"Fodder","Salicin",516,0.902
"Fodder","L-Sorbose",436,0.769
"Fodder","L-Rhamnose",186,1
"Fodder","D-Xylose",575,0.814
"Fodder","L-Arabinose",289,0.793
"Fodder","D-Arabinose",252,1
"Fodder","D-Ribose",337,0.784
"Fodder","Methanol",72,1
"Fodder","Ethanol",695,0.811
"Fodder","Glycerol",732,0.885
"Fodder","Erythritol",221,0.766
"Fodder","Ribitol",500,0.871
"Fodder","Galactitol",105,1
"Fodder","D-Mannitol",671,0.963
"Fodder","D-Glucitol",656,0.889
"Fodder","myo-Inositol",80,1
"Fodder","DL-Lactate",380,0.655
"Fodder","Succinate",687,0.799
"Fodder","Citrate",512,0.831
"Fodder","D-Gluconate",458,0.838
"Fodder","D-Glucosamine",315,0.905
"Fodder","Nitrate",149,1
"Fodder","Vitamin-free",160,0.505
"Fodder","2-Keto-D-gluconate",364,0.568
"Fodder","Starch formation",112,1
"Fodder","Growth at 19°C",815,0.99
"Fodder","Growth at 25°C",817,0.981
"Fodder","Growth at 30°C",729,0.883
"Fodder","Growth at 37°C",344,0.667
"Freshwater","Glucose_F",599,0.531
"Freshwater","Galactose_F",271,1
"Freshwater","Sucrose_F",219,0.897
"Freshwater","Maltose_F",175,0.91
"Freshwater","Lactose_F",41,1
"Freshwater","Raffinose_F",140,0.705
"Freshwater","Trehalose_F",271,0.951
"Freshwater","Glucose",819,1
"Freshwater","Inulin",116,0.683
"Freshwater","Sucrose",503,0.811
"Freshwater","Raffinose",245,0.849
"Freshwater","Melibiose",115,1
"Freshwater","Galactose",547,0.965
"Freshwater","Lactose",110,0.87
"Freshwater","Trehalose",572,0.656
"Freshwater","Maltose",466,0.689
"Freshwater","Melezitose",383,0.595
"Freshwater","Methyl-?-D-glucoside",388,0.629
"Freshwater","Soluble Starch",206,0.93
"Freshwater","Cellobiose",514,0.34
"Freshwater","Salicin",507,0.314
"Freshwater","L-Sorbose",441,0.826
"Freshwater","L-Rhamnose",181,0.26
"Freshwater","D-Xylose",570,0.586
"Freshwater","L-Arabinose",300,1
"Freshwater","D-Arabinose",257,0.876
"Freshwater","D-Ribose",346,0.858
"Freshwater","Methanol",77,0.73
"Freshwater","Ethanol",690,0.623
"Freshwater","Glycerol",727,0.776
"Freshwater","Erythritol",232,1
"Freshwater","Ribitol",507,0.934
"Freshwater","Galactitol",112,1
"Freshwater","D-Mannitol",664,0.761
"Freshwater","D-Glucitol",649,0.649
"Freshwater","myo-Inositol",87,1
"Freshwater","DL-Lactate",379,0.435
"Freshwater","Succinate",682,0.642
"Freshwater","Citrate",513,0.741
"Freshwater","D-Gluconate",457,0.588
"Freshwater","D-Glucosamine",316,0.601
"Freshwater","Nitrate",146,0.304
"Freshwater","Vitamin-free",169,0.747
"Freshwater","2-Keto-D-gluconate",369,0.63
"Freshwater","Starch formation",119,1
"Freshwater","Growth at 19°C",808,0.972
"Freshwater","Growth at 25°C",810,0.941
"Freshwater","Growth at 30°C",720,0.623
"Freshwater","Growth at 37°C",347,0.62
"Seawater.Marine","Glucose_F",589,0.485
"Seawater.Marine","Galactose_F",281,0.84
"Seawater.Marine","Sucrose_F",223,0.473
"Seawater.Marine","Maltose_F",185,0.55
"Seawater.Marine","Lactose_F",63,0.884
"Seawater.Marine","Raffinose_F",158,0.68
"Seawater.Marine","Trehalose_F",281,0.759
"Seawater.Marine","Glucose",795,1
"Seawater.Marine","Inulin",140,0.829
"Seawater.Marine","Sucrose",491,0.398
"Seawater.Marine","Raffinose",261,0.815
"Seawater.Marine","Melibiose",137,0.886
"Seawater.Marine","Galactose",541,0.837
"Seawater.Marine","Lactose",132,0.733
"Seawater.Marine","Trehalose",564,0.551
"Seawater.Marine","Maltose",456,0.331
"Seawater.Marine","Melezitose",379,0.327
"Seawater.Marine","Methyl-?-D-glucoside",382,0.274
"Seawater.Marine","Soluble Starch",226,0.903
"Seawater.Marine","Cellobiose",514,0.586
"Seawater.Marine","Salicin",511,0.652
"Seawater.Marine","L-Sorbose",437,0.59
"Seawater.Marine","L-Rhamnose",199,0.427
"Seawater.Marine","D-Xylose",562,0.537
"Seawater.Marine","L-Arabinose",300,0.575
"Seawater.Marine","D-Arabinose",265,0.611
"Seawater.Marine","D-Ribose",352,0.738
"Seawater.Marine","Methanol",99,0.728
"Seawater.Marine","Ethanol",670,0.462
"Seawater.Marine","Glycerol",707,0.501
"Seawater.Marine","Erythritol",240,0.625
"Seawater.Marine","Ribitol",493,0.524
"Seawater.Marine","Galactitol",134,0.907
"Seawater.Marine","D-Mannitol",644,0.448
"Seawater.Marine","D-Glucitol",631,0.395
"Seawater.Marine","myo-Inositol",107,0.648
"Seawater.Marine","DL-Lactate",387,0.6
"Seawater.Marine","Succinate",670,0.736
"Seawater.Marine","Citrate",509,0.629
"Seawater.Marine","D-Gluconate",457,0.576
"Seawater.Marine","D-Glucosamine",318,0.381
"Seawater.Marine","Nitrate",176,0.908
"Seawater.Marine","Vitamin-free",189,0.819
"Seawater.Marine","2-Keto-D-gluconate",367,0.385
"Seawater.Marine","Starch formation",143,1
"Seawater.Marine","Growth at 19°C",784,0.912
"Seawater.Marine","Growth at 25°C",786,0.881
"Seawater.Marine","Growth at 30°C",708,0.805
"Seawater.Marine","Growth at 37°C",359,0.75
"Brine","Glucose_F",606,0.908
"Brine","Galactose_F",260,1
"Brine","Sucrose_F",210,1
"Brine","Maltose_F",164,0.701
"Brine","Lactose_F",30,1
"Brine","Raffinose_F",133,1
"Brine","Trehalose_F",262,1
"Brine","Glucose",830,1
"Brine","Inulin",109,1
"Brine","Sucrose",504,1
"Brine","Raffinose",238,1
"Brine","Melibiose",104,1
"Brine","Galactose",540,0.899
"Brine","Lactose",101,1
"Brine","Trehalose",579,1
"Brine","Maltose",467,0.903
"Brine","Melezitose",384,1
"Brine","Methyl-?-D-glucoside",389,1
"Brine","Soluble Starch",197,1
"Brine","Cellobiose",525,1
"Brine","Salicin",518,1
"Brine","L-Sorbose",436,0.849
"Brine","L-Rhamnose",182,1
"Brine","D-Xylose",579,1
"Brine","L-Arabinose",289,1
"Brine","D-Arabinose",248,1
"Brine","D-Ribose",337,0.826
"Brine","Methanol",68,1
"Brine","Ethanol",699,0.953
"Brine","Glycerol",736,0.967
"Brine","Erythritol",221,1
"Brine","Ribitol",502,1
"Brine","Galactitol",101,1
"Brine","D-Mannitol",671,0.967
"Brine","D-Glucitol",658,0.947
"Brine","myo-Inositol",76,1
"Brine","DL-Lactate",380,0.777
"Brine","Succinate",691,0.952
"Brine","Citrate",512,0.882
"Brine","D-Gluconate",458,0.854
"Brine","D-Glucosamine",315,1
"Brine","Nitrate",143,0.702
"Brine","Vitamin-free",162,1
"Brine","2-Keto-D-gluconate",366,0.809
"Brine","Starch formation",108,1
"Brine","Growth at 19°C",819,0.999
"Brine","Growth at 25°C",821,0.997
"Brine","Growth at 30°C",731,0.966
"Brine","Growth at 37°C",346,1
"Plant","Glucose_F",573,0.644
"Plant","Galactose_F",293,0.751
"Plant","Sucrose_F",239,0.388
"Plant","Maltose_F",203,0.384
"Plant","Lactose_F",95,0.348
"Plant","Raffinose_F",178,0.408
"Plant","Trehalose_F",277,0.361
"Plant","Glucose",755,1
"Plant","Inulin",156,0.313
"Plant","Sucrose",459,0.093
"Plant","Raffinose",257,0.223
"Plant","Melibiose",161,0.63
"Plant","Galactose",511,0.513
"Plant","Lactose",168,0.865
"Plant","Trehalose",538,0.41
"Plant","Maltose",432,0.137
"Plant","Melezitose",365,0.189
"Plant","Methyl-?-D-glucoside",384,0.438
"Plant","Soluble Starch",232,0.409
"Plant","Cellobiose",492,0.445
"Plant","Salicin",495,0.644
"Plant","L-Sorbose",407,0.179
"Plant","L-Rhamnose",241,0.958
"Plant","D-Xylose",550,0.778
"Plant","L-Arabinose",332,0.946
"Plant","D-Arabinose",287,0.761
"Plant","D-Ribose",360,0.821
"Plant","Methanol",137,0.882
"Plant","Ethanol",658,0.872
"Plant","Glycerol",673,0.456
"Plant","Erythritol",280,0.966
"Plant","Ribitol",489,0.75
"Plant","Galactitol",160,0.67
"Plant","D-Mannitol",614,0.454
"Plant","D-Glucitol",603,0.45
"Plant","myo-Inositol",145,0.933
"Plant","DL-Lactate",399,0.851
"Plant","Succinate",632,0.423
"Plant","Citrate",485,0.431
"Plant","D-Gluconate",451,0.704
"Plant","D-Glucosamine",340,0.796
"Plant","Nitrate",184,0.276
"Plant","Vitamin-free",217,0.878
"Plant","2-Keto-D-gluconate",369,0.521
"Plant","Starch formation",161,0.518
"Plant","Growth at 19°C",744,0.838
"Plant","Growth at 25°C",754,0.964
"Plant","Growth at 30°C",684,0.921
"Plant","Growth at 37°C",355,0.587
"Food","Glucose_F",572,0.224
"Food","Galactose_F",272,0.424
"Food","Sucrose_F",220,0.211
"Food","Maltose_F",180,0.182
"Food","Lactose_F",78,0.707
"Food","Raffinose_F",157,0.332
"Food","Trehalose_F",278,0.491
"Food","Glucose",778,1
"Food","Inulin",145,0.656
"Food","Sucrose",498,0.729
"Food","Raffinose",256,0.49
"Food","Melibiose",146,0.82
"Food","Galactose",522,0.486
"Food","Lactose",141,0.755
"Food","Trehalose",563,0.692
"Food","Maltose",465,0.629
"Food","Melezitose",400,0.879
"Food","Methyl-?-D-glucoside",397,0.738
"Food","Soluble Starch",217,0.481
"Food","Cellobiose",519,0.774
"Food","Salicin",514,0.799
"Food","L-Sorbose",436,0.621
"Food","L-Rhamnose",214,0.737
"Food","D-Xylose",565,0.807
"Food","L-Arabinose",311,0.818
"Food","D-Arabinose",276,0.813
"Food","D-Ribose",347,0.568
"Food","Methanol",118,0.935
"Food","Ethanol",655,0.259
"Food","Glycerol",696,0.595
"Food","Erythritol",245,0.664
"Food","Ribitol",498,0.755
"Food","Galactitol",139,0.682
"Food","D-Mannitol",649,0.83
"Food","D-Glucitol",632,0.732
"Food","myo-Inositol",120,0.776
"Food","DL-Lactate",372,0.249
"Food","Succinate",653,0.436
"Food","Citrate",506,0.732
"Food","D-Gluconate",456,0.67
"Food","D-Glucosamine",335,0.757
"Food","Nitrate",179,0.631
"Food","Vitamin-free",194,0.661
"Food","2-Keto-D-gluconate",376,0.628
"Food","Starch formation",158,0.981
"Food","Growth at 19°C",767,0.888
"Food","Growth at 25°C",769,0.846
"Food","Growth at 30°C",683,0.245
"Food","Growth at 37°C",332,0.081
"Pickled.Salted.Brined","Glucose_F",593,0.464
"Pickled.Salted.Brined","Galactose_F",269,0.665
"Pickled.Salted.Brined","Sucrose_F",209,0.163
"Pickled.Salted.Brined","Maltose_F",171,0.315
"Pickled.Salted.Brined","Lactose_F",49,0.713
"Pickled.Salted.Brined","Raffinose_F",136,0.158
"Pickled.Salted.Brined","Trehalose_F",269,0.526
"Pickled.Salted.Brined","Glucose",809,1
"Pickled.Salted.Brined","Inulin",124,0.814
"Pickled.Salted.Brined","Sucrose",497,0.53
"Pickled.Salted.Brined","Raffinose",239,0.254
"Pickled.Salted.Brined","Melibiose",119,0.701
"Pickled.Salted.Brined","Galactose",531,0.45
"Pickled.Salted.Brined","Lactose",120,0.963
"Pickled.Salted.Brined","Trehalose",572,0.705
"Pickled.Salted.Brined","Maltose",468,0.692
"Pickled.Salted.Brined","Melezitose",393,0.914
"Pickled.Salted.Brined","Methyl-?-D-glucoside",394,0.814
"Pickled.Salted.Brined","Soluble Starch",210,0.84
"Pickled.Salted.Brined","Cellobiose",522,0.746
"Pickled.Salted.Brined","Salicin",517,0.822
"Pickled.Salted.Brined","L-Sorbose",439,0.718
"Pickled.Salted.Brined","L-Rhamnose",195,0.784
"Pickled.Salted.Brined","D-Xylose",584,0.974
"Pickled.Salted.Brined","L-Arabinose",298,0.818
"Pickled.Salted.Brined","D-Arabinose",261,0.906
"Pickled.Salted.Brined","D-Ribose",340,0.569
"Pickled.Salted.Brined","Methanol",89,1
"Pickled.Salted.Brined","Ethanol",684,0.62
"Pickled.Salted.Brined","Glycerol",721,0.76
"Pickled.Salted.Brined","Erythritol",228,0.543
"Pickled.Salted.Brined","Ribitol",497,0.64
"Pickled.Salted.Brined","Galactitol",114,0.67
"Pickled.Salted.Brined","D-Mannitol",658,0.734
"Pickled.Salted.Brined","D-Glucitol",645,0.739
"Pickled.Salted.Brined","myo-Inositol",95,0.915
"Pickled.Salted.Brined","DL-Lactate",381,0.523
"Pickled.Salted.Brined","Succinate",682,0.792
"Pickled.Salted.Brined","Citrate",511,0.742
"Pickled.Salted.Brined","D-Gluconate",455,0.545
"Pickled.Salted.Brined","D-Glucosamine",324,0.804
"Pickled.Salted.Brined","Nitrate",156,0.462
"Pickled.Salted.Brined","Vitamin-free",181,0.94
"Pickled.Salted.Brined","2-Keto-D-gluconate",371,0.641
"Pickled.Salted.Brined","Starch formation",127,0.878
"Pickled.Salted.Brined","Growth at 19°C",800,0.975
"Pickled.Salted.Brined","Growth at 25°C",800,0.93
"Pickled.Salted.Brined","Growth at 30°C",710,0.398
"Pickled.Salted.Brined","Growth at 37°C",349,0.625
"Fruit","Glucose_F",521,0.048
"Fruit","Galactose_F",309,0.297
"Fruit","Sucrose_F",257,0.082
"Fruit","Maltose_F",245,0.321
"Fruit","Lactose_F",155,0.7
"Fruit","Raffinose_F",204,0.079
"Fruit","Trehalose_F",325,0.584
"Fruit","Glucose",699,1
"Fruit","Inulin",202,0.329
"Fruit","Sucrose",477,0.268
"Fruit","Raffinose",283,0.124
"Fruit","Melibiose",213,0.583
"Fruit","Galactose",519,0.545
"Fruit","Lactose",220,0.918
"Fruit","Trehalose",560,0.842
"Fruit","Maltose",484,0.767
"Fruit","Melezitose",431,0.888
"Fruit","Methyl-?-D-glucoside",442,0.935
"Fruit","Soluble Starch",282,0.685
"Fruit","Cellobiose",524,0.826
"Fruit","Salicin",515,0.753
"Fruit","L-Sorbose",417,0.125
"Fruit","L-Rhamnose",285,0.955
"Fruit","D-Xylose",554,0.8
"Fruit","L-Arabinose",368,0.945
"Fruit","D-Arabinose",331,0.863
"Fruit","D-Ribose",392,0.826
"Fruit","Methanol",191,0.927
"Fruit","Ethanol",616,0.439
"Fruit","Glycerol",645,0.559
"Fruit","Erythritol",324,0.978
"Fruit","Ribitol",509,0.822
"Fruit","Galactitol",202,0.511
"Fruit","D-Mannitol",624,0.892
"Fruit","D-Glucitol",611,0.833
"Fruit","myo-Inositol",195,0.855
"Fruit","DL-Lactate",403,0.408
"Fruit","Succinate",622,0.666
"Fruit","Citrate",501,0.613
"Fruit","D-Gluconate",467,0.604
"Fruit","D-Glucosamine",366,0.618
"Fruit","Nitrate",230,0.393
"Fruit","Vitamin-free",235,0.223
"Fruit","2-Keto-D-gluconate",391,0.36
"Fruit","Starch formation",195,0.169
"Fruit","Growth at 19°C",688,0.699
"Fruit","Growth at 25°C",690,0.577
"Fruit","Growth at 30°C",634,0.484
"Fruit","Growth at 37°C",367,0.248
"Drink.Juice","Glucose_F",568,0.018
"Drink.Juice","Galactose_F",270,0.435
"Drink.Juice","Sucrose_F",206,0.041
"Drink.Juice","Maltose_F",180,0.297
"Drink.Juice","Lactose_F",66,0.817
"Drink.Juice","Raffinose_F",149,0.241
"Drink.Juice","Trehalose_F",266,0.252
"Drink.Juice","Glucose",792,1
"Drink.Juice","Inulin",135,0.488
"Drink.Juice","Sucrose",490,0.378
"Drink.Juice","Raffinose",244,0.225
"Drink.Juice","Melibiose",136,0.765
"Drink.Juice","Galactose",530,0.507
"Drink.Juice","Lactose",133,0.869
"Drink.Juice","Trehalose",569,0.682
"Drink.Juice","Maltose",465,0.539
"Drink.Juice","Melezitose",390,0.677
"Drink.Juice","Methyl-?-D-glucoside",397,0.715
"Drink.Juice","Soluble Starch",219,0.753
"Drink.Juice","Cellobiose",521,0.738
"Drink.Juice","Salicin",512,0.642
"Drink.Juice","L-Sorbose",438,0.632
"Drink.Juice","L-Rhamnose",210,0.869
"Drink.Juice","D-Xylose",587,0.987
"Drink.Juice","L-Arabinose",317,0.968
"Drink.Juice","D-Arabinose",272,0.89
"Drink.Juice","D-Ribose",355,0.869
"Drink.Juice","Methanol",102,0.856
"Drink.Juice","Ethanol",679,0.677
"Drink.Juice","Glycerol",716,0.854
"Drink.Juice","Erythritol",245,0.815
"Drink.Juice","Ribitol",504,0.84
"Drink.Juice","Galactitol",131,0.775
"Drink.Juice","D-Mannitol",663,0.932
"Drink.Juice","D-Glucitol",648,0.866
"Drink.Juice","myo-Inositol",106,0.78
"Drink.Juice","DL-Lactate",384,0.505
"Drink.Juice","Succinate",679,0.876
"Drink.Juice","Citrate",518,0.881
"Drink.Juice","D-Gluconate",450,0.34
"Drink.Juice","D-Glucosamine",329,0.686
"Drink.Juice","Nitrate",167,0.578
"Drink.Juice","Vitamin-free",192,0.872
"Drink.Juice","2-Keto-D-gluconate",366,0.35
"Drink.Juice","Starch formation",142,0.862
"Drink.Juice","Growth at 19°C",783,0.945
"Drink.Juice","Growth at 25°C",783,0.845
"Drink.Juice","Growth at 30°C",699,0.414
"Drink.Juice","Growth at 37°C",338,0.16
"Sugar.Cane","Glucose_F",604,0.815
"Sugar.Cane","Galactose_F",260,0.769
"Sugar.Cane","Sucrose_F",208,0.508
"Sugar.Cane","Maltose_F",164,0.477
"Sugar.Cane","Lactose_F",34,1
"Sugar.Cane","Raffinose_F",133,0.634
"Sugar.Cane","Trehalose_F",260,0.656
"Sugar.Cane","Glucose",826,1
"Sugar.Cane","Inulin",111,0.921
"Sugar.Cane","Sucrose",498,0.59
"Sugar.Cane","Raffinose",238,0.748
"Sugar.Cane","Melibiose",106,0.926
"Sugar.Cane","Galactose",536,0.681
"Sugar.Cane","Lactose",105,1
"Sugar.Cane","Trehalose",575,0.825
"Sugar.Cane","Maltose",465,0.74
"Sugar.Cane","Melezitose",382,0.755
"Sugar.Cane","Methyl-?-D-glucoside",389,0.928
"Sugar.Cane","Soluble Starch",201,1
"Sugar.Cane","Cellobiose",525,0.963
"Sugar.Cane","Salicin",518,0.967
"Sugar.Cane","L-Sorbose",436,0.825
"Sugar.Cane","L-Rhamnose",182,0.844
"Sugar.Cane","D-Xylose",577,0.93
"Sugar.Cane","L-Arabinose",289,0.902
"Sugar.Cane","D-Arabinose",248,0.876
"Sugar.Cane","D-Ribose",337,0.77
"Sugar.Cane","Methanol",70,0.867
"Sugar.Cane","Ethanol",695,0.845
"Sugar.Cane","Glycerol",732,0.892
"Sugar.Cane","Erythritol",223,0.921
"Sugar.Cane","Ribitol",500,0.888
"Sugar.Cane","Galactitol",101,0.794
"Sugar.Cane","D-Mannitol",669,0.913
"Sugar.Cane","D-Glucitol",656,0.901
"Sugar.Cane","myo-Inositol",80,1
"Sugar.Cane","DL-Lactate",384,0.926
"Sugar.Cane","Succinate",691,0.961
"Sugar.Cane","Citrate",512,0.878
"Sugar.Cane","D-Gluconate",458,0.818
"Sugar.Cane","D-Glucosamine",317,0.971
"Sugar.Cane","Nitrate",145,0.654
"Sugar.Cane","Vitamin-free",164,0.933
"Sugar.Cane","2-Keto-D-gluconate",368,0.858
"Sugar.Cane","Starch formation",112,1
"Sugar.Cane","Growth at 19°C",815,0.989
"Sugar.Cane","Growth at 25°C",817,0.992
"Sugar.Cane","Growth at 30°C",727,0.839
"Sugar.Cane","Growth at 37°C",340,0.359
"Fermented","Glucose_F",543,0.018
"Fermented","Galactose_F",269,0.138
"Fermented","Sucrose_F",199,0.003
"Fermented","Maltose_F",181,0.06
"Fermented","Lactose_F",97,0.646
"Fermented","Raffinose_F",148,0.015
"Fermented","Trehalose_F",273,0.231
"Fermented","Glucose",757,1
"Fermented","Inulin",156,0.411
"Fermented","Sucrose",483,0.349
"Fermented","Raffinose",243,0.067
"Fermented","Melibiose",159,0.629
"Fermented","Galactose",521,0.597
"Fermented","Lactose",158,0.681
"Fermented","Trehalose",550,0.589
"Fermented","Maltose",462,0.582
"Fermented","Melezitose",397,0.758
"Fermented","Methyl-?-D-glucoside",406,0.81
"Fermented","Soluble Starch",240,0.842
"Fermented","Cellobiose",530,0.954
"Fermented","Salicin",523,0.944
"Fermented","L-Sorbose",441,0.747
"Fermented","L-Rhamnose",243,0.978
"Fermented","D-Xylose",576,0.979
"Fermented","L-Arabinose",326,0.921
"Fermented","D-Arabinose",293,0.913
"Fermented","D-Ribose",356,0.761
"Fermented","Methanol",137,0.936
"Fermented","Ethanol",646,0.394
"Fermented","Glycerol",683,0.605
"Fermented","Erythritol",266,0.861
"Fermented","Ribitol",499,0.835
"Fermented","Galactitol",156,0.691
"Fermented","D-Mannitol",648,0.937
"Fermented","D-Glucitol",639,0.945
"Fermented","myo-Inositol",145,0.947
"Fermented","DL-Lactate",369,0.166
"Fermented","Succinate",666,0.937
"Fermented","Citrate",511,0.867
"Fermented","D-Gluconate",453,0.544
"Fermented","D-Glucosamine",336,0.685
"Fermented","Nitrate",198,0.772
"Fermented","Vitamin-free",201,0.484
"Fermented","2-Keto-D-gluconate",373,0.47
"Fermented","Starch formation",171,0.871
"Fermented","Growth at 19°C",746,0.825
"Fermented","Growth at 25°C",748,0.77
"Fermented","Growth at 30°C",666,0.28
"Fermented","Growth at 37°C",333,0.082
"Wine","Glucose_F",592,0.362
"Wine","Galactose_F",276,0.771
"Wine","Sucrose_F",212,0.092
"Wine","Maltose_F",180,0.381
"Wine","Lactose_F",56,0.851
"Wine","Raffinose_F",141,0.116
"Wine","Trehalose_F",274,0.594
"Wine","Glucose",802,1
"Wine","Inulin",131,0.701
"Wine","Sucrose",498,0.398
"Wine","Raffinose",242,0.189
"Wine","Melibiose",122,0.707
"Wine","Galactose",538,0.577
"Wine","Lactose",123,0.816
"Wine","Trehalose",583,0.89
"Wine","Maltose",475,0.728
"Wine","Melezitose",396,0.816
"Wine","Methyl-?-D-glucoside",403,0.888
"Wine","Soluble Starch",219,0.922
"Wine","Cellobiose",531,0.835
"Wine","Salicin",524,0.818
"Wine","L-Sorbose",438,0.465
"Wine","L-Rhamnose",208,0.98
"Wine","D-Xylose",585,0.934
"Wine","L-Arabinose",307,0.893
"Wine","D-Arabinose",268,0.893
"Wine","D-Ribose",349,0.75
"Wine","Methanol",96,1
"Wine","Ethanol",683,0.639
"Wine","Glycerol",720,0.745
"Wine","Erythritol",241,0.842
"Wine","Ribitol",506,0.798
"Wine","Galactitol",119,0.586
"Wine","D-Mannitol",673,0.95
"Wine","D-Glucitol",658,0.928
"Wine","myo-Inositol",102,0.967
"Wine","DL-Lactate",378,0.215
"Wine","Succinate",685,0.87
"Wine","Citrate",516,0.751
"Wine","D-Gluconate",470,0.844
"Wine","D-Glucosamine",323,0.509
"Wine","Nitrate",167,0.729
"Wine","Vitamin-free",172,0.184
"Wine","2-Keto-D-gluconate",374,0.547
"Wine","Starch formation",132,0.716
"Wine","Growth at 19°C",791,0.925
"Wine","Growth at 25°C",793,0.875
"Wine","Growth at 30°C",705,0.266
"Wine","Growth at 37°C",336,0.055
"Beer","Glucose_F",587,0.174
"Beer","Galactose_F",259,0.177
"Beer","Sucrose_F",207,0.076
"Beer","Maltose_F",173,0.243
"Beer","Lactose_F",51,0.571
"Beer","Raffinose_F",136,0.074
"Beer","Trehalose_F",273,0.602
"Beer","Glucose",805,1
"Beer","Inulin",124,0.511
"Beer","Sucrose",499,0.499
"Beer","Raffinose",239,0.177
"Beer","Melibiose",125,0.698
"Beer","Galactose",531,0.428
"Beer","Lactose",118,0.491
"Beer","Trehalose",574,0.749
"Beer","Maltose",472,0.758
"Beer","Melezitose",389,0.65
"Beer","Methyl-?-D-glucoside",398,0.819
"Beer","Soluble Starch",218,0.948
"Beer","Cellobiose",528,0.887
"Beer","Salicin",521,0.837
"Beer","L-Sorbose",437,0.594
"Beer","L-Rhamnose",201,0.831
"Beer","D-Xylose",584,0.961
"Beer","L-Arabinose",304,0.874
"Beer","D-Arabinose",269,0.953
"Beer","D-Ribose",346,0.667
"Beer","Methanol",93,1
"Beer","Ethanol",678,0.397
"Beer","Glycerol",717,0.628
"Beer","Erythritol",242,0.924
"Beer","Ribitol",505,0.828
"Beer","Galactitol",122,0.814
"Beer","D-Mannitol",666,0.913
"Beer","D-Glucitol",657,0.946
"Beer","myo-Inositol",99,0.851
"Beer","DL-Lactate",371,0.113
"Beer","Succinate",684,0.883
"Beer","Citrate",515,0.811
"Beer","D-Gluconate",467,0.853
"Beer","D-Glucosamine",324,0.642
"Beer","Nitrate",166,0.862
"Beer","Vitamin-free",175,0.522
"Beer","2-Keto-D-gluconate",379,0.829
"Beer","Starch formation",129,0.77
"Beer","Growth at 19°C",794,0.922
"Beer","Growth at 25°C",796,0.903
"Beer","Growth at 30°C",710,0.476
"Beer","Growth at 37°C",349,0.493
"Tequila","Glucose_F",598,0.552
"Tequila","Galactose_F",256,0.446
"Tequila","Sucrose_F",208,0.609
"Tequila","Maltose_F",164,0.566
"Tequila","Lactose_F",40,1
"Tequila","Raffinose_F",137,0.727
"Tequila","Trehalose_F",256,0.374
"Tequila","Glucose",820,1
"Tequila","Inulin",113,0.707
"Tequila","Sucrose",498,0.723
"Tequila","Raffinose",242,0.838
"Tequila","Melibiose",114,1
"Tequila","Galactose",534,0.642
"Tequila","Lactose",109,0.947
"Tequila","Trehalose",571,0.768
"Tequila","Maltose",463,0.697
"Tequila","Melezitose",378,0.569
"Tequila","Methyl-?-D-glucoside",385,0.709
"Tequila","Soluble Starch",203,0.934
"Tequila","Cellobiose",521,0.841
"Tequila","Salicin",514,0.807
"Tequila","L-Sorbose",430,0.477
"Tequila","L-Rhamnose",188,0.926
"Tequila","D-Xylose",573,0.83
"Tequila","L-Arabinose",291,0.8
"Tequila","D-Arabinose",246,0.592
"Tequila","D-Ribose",339,0.836
"Tequila","Methanol",76,0.84
"Tequila","Ethanol",691,0.751
"Tequila","Glycerol",730,0.893
"Tequila","Erythritol",227,0.906
"Tequila","Ribitol",496,0.713
"Tequila","Galactitol",109,0.933
"Tequila","D-Mannitol",665,0.865
"Tequila","D-Glucitol",652,0.809
"Tequila","myo-Inositol",86,1
"Tequila","DL-Lactate",380,0.71
"Tequila","Succinate",685,0.823
"Tequila","Citrate",512,0.875
"Tequila","D-Gluconate",456,0.706
"Tequila","D-Glucosamine",315,0.802
"Tequila","Nitrate",153,0.926
"Tequila","Vitamin-free",170,0.975
"Tequila","2-Keto-D-gluconate",362,0.527
"Tequila","Starch formation",118,1
"Tequila","Growth at 19°C",809,0.975
"Tequila","Growth at 25°C",811,0.969
"Tequila","Growth at 30°C",721,0.697
"Tequila","Growth at 37°C",340,0.451
"Cider","Glucose_F",592,0.282
"Cider","Galactose_F",266,0.722
"Cider","Sucrose_F",216,0.568
"Cider","Maltose_F",174,0.648
"Cider","Lactose_F",44,0.753
"Cider","Raffinose_F",143,0.609
"Cider","Trehalose_F",262,0.468
"Cider","Glucose",814,1
"Cider","Inulin",123,0.919
"Cider","Sucrose",500,0.705
"Cider","Raffinose",246,0.743
"Cider","Melibiose",116,0.764
"Cider","Galactose",538,0.749
"Cider","Lactose",113,0.736
"Cider","Trehalose",573,0.736
"Cider","Maltose",465,0.636
"Cider","Melezitose",382,0.615
"Cider","Methyl-?-D-glucoside",387,0.606
"Cider","Soluble Starch",203,0.696
"Cider","Cellobiose",517,0.605
"Cider","Salicin",510,0.585
"Cider","L-Sorbose",434,0.618
"Cider","L-Rhamnose",192,0.815
"Cider","D-Xylose",573,0.773
"Cider","L-Arabinose",299,0.931
"Cider","D-Arabinose",256,0.834
"Cider","D-Ribose",343,0.813
"Cider","Methanol",82,0.824
"Cider","Ethanol",687,0.626
"Cider","Glycerol",724,0.772
"Cider","Erythritol",229,0.798
"Cider","Ribitol",498,0.758
"Cider","Galactitol",115,0.958
"Cider","D-Mannitol",665,0.877
"Cider","D-Glucitol",650,0.807
"Cider","myo-Inositol",90,0.884
"Cider","DL-Lactate",374,0.306
"Cider","Succinate",681,0.707
"Cider","Citrate",508,0.68
"Cider","D-Gluconate",456,0.631
"Cider","D-Glucosamine",313,0.456
"Cider","Nitrate",147,0.353
"Cider","Vitamin-free",172,0.655
"Cider","2-Keto-D-gluconate",366,0.553
"Cider","Starch formation",124,1
"Cider","Growth at 19°C",803,0.975
"Cider","Growth at 25°C",805,0.923
"Cider","Growth at 30°C",719,0.737
"Cider","Growth at 37°C",356,0.954
"Wood","Glucose_F",604,0.917
"Wood","Galactose_F",262,0.814
"Wood","Sucrose_F",214,0.842
"Wood","Maltose_F",170,0.862
"Wood","Lactose_F",40,1
"Wood","Raffinose_F",141,0.963
"Wood","Trehalose_F",264,0.823
"Wood","Glucose",820,1
"Wood","Inulin",115,0.861
"Wood","Sucrose",500,0.835
"Wood","Raffinose",238,0.779
"Wood","Melibiose",108,0.752
"Wood","Galactose",538,0.852
"Wood","Lactose",107,0.893
"Wood","Trehalose",571,0.791
"Wood","Maltose",465,0.801
"Wood","Melezitose",384,0.877
"Wood","Methyl-?-D-glucoside",385,0.727
"Wood","Soluble Starch",199,0.799
"Wood","Cellobiose",515,0.591
"Wood","Salicin",508,0.577
"Wood","L-Sorbose",434,0.737
"Wood","L-Rhamnose",178,0.386
"Wood","D-Xylose",569,0.646
"Wood","L-Arabinose",283,0.486
"Wood","D-Arabinose",246,0.61
"Wood","D-Ribose",333,0.525
"Wood","Methanol",74,0.598
"Wood","Ethanol",689,0.729
"Wood","Glycerol",726,0.802
"Wood","Erythritol",217,0.464
"Wood","Ribitol",494,0.646
"Wood","Galactitol",101,0.591
"Wood","D-Mannitol",661,0.754
"Wood","D-Glucitol",648,0.725
"Wood","myo-Inositol",80,0.726
"Wood","DL-Lactate",376,0.553
"Wood","Succinate",681,0.719
"Wood","Citrate",504,0.58
"Wood","D-Gluconate",460,0.924
"Wood","D-Glucosamine",319,0.936
"Wood","Nitrate",153,0.899
"Wood","Vitamin-free",166,0.728
"Wood","2-Keto-D-gluconate",370,0.908
"Wood","Starch formation",114,0.698
"Wood","Growth at 19°C",809,0.983
"Wood","Growth at 25°C",811,0.973
"Wood","Growth at 30°C",721,0.742
"Wood","Growth at 37°C",338,0.418
"Silage","Glucose_F",599,0.472
"Silage","Galactose_F",255,0.288
"Silage","Sucrose_F",209,0.498
"Silage","Maltose_F",167,0.608
"Silage","Lactose_F",37,1
"Silage","Raffinose_F",132,0.42
"Silage","Trehalose_F",261,0.646
"Silage","Glucose",823,1
"Silage","Inulin",116,1
"Silage","Sucrose",501,0.734
"Silage","Raffinose",237,0.586
"Silage","Melibiose",105,0.461
"Silage","Galactose",535,0.568
"Silage","Lactose",106,0.969
"Silage","Trehalose",574,0.759
"Silage","Maltose",470,0.906
"Silage","Melezitose",387,0.964
"Silage","Methyl-?-D-glucoside",392,0.963
"Silage","Soluble Starch",200,0.934
"Silage","Cellobiose",524,0.908
"Silage","Salicin",519,0.959
"Silage","L-Sorbose",441,0.975
"Silage","L-Rhamnose",185,0.854
"Silage","D-Xylose",576,0.842
"Silage","L-Arabinose",288,0.706
"Silage","D-Arabinose",251,0.88
"Silage","D-Ribose",334,0.418
"Silage","Methanol",75,1
"Silage","Ethanol",696,0.883
"Silage","Glycerol",731,0.882
"Silage","Erythritol",224,0.934
"Silage","Ribitol",503,0.94
"Silage","Galactitol",108,1
"Silage","D-Mannitol",668,0.887
"Silage","D-Glucitol",659,0.962
"Silage","myo-Inositol",81,0.956
"Silage","DL-Lactate",385,0.856
"Silage","Succinate",686,0.812
"Silage","Citrate",515,0.947
"Silage","D-Gluconate",457,0.699
"Silage","D-Glucosamine",314,0.652
"Silage","Nitrate",148,0.833
"Silage","Vitamin-free",165,0.705
"Silage","2-Keto-D-gluconate",365,0.575
"Silage","Starch formation",113,0.739
"Silage","Growth at 19°C",812,0.982
"Silage","Growth at 25°C",814,0.977
"Silage","Growth at 30°C",724,0.708
"Silage","Growth at 37°C",343,0.495
"Dairy","Glucose_F",593,0.37
"Dairy","Galactose_F",257,0.203
"Dairy","Sucrose_F",211,0.248
"Dairy","Maltose_F",175,0.651
"Dairy","Lactose_F",47,0.773
"Dairy","Raffinose_F",134,0.131
"Dairy","Trehalose_F",269,0.676
"Dairy","Glucose",811,1
"Dairy","Inulin",116,0.461
"Dairy","Sucrose",499,0.584
"Dairy","Raffinose",239,0.319
"Dairy","Melibiose",119,0.931
"Dairy","Galactose",529,0.371
"Dairy","Lactose",110,0.542
"Dairy","Trehalose",578,0.871
"Dairy","Maltose",476,0.93
"Dairy","Melezitose",393,0.927
"Dairy","Methyl-?-D-glucoside",396,0.872
"Dairy","Soluble Starch",212,0.974
"Dairy","Cellobiose",532,0.954
"Dairy","Salicin",525,0.961
"Dairy","L-Sorbose",431,0.367
"Dairy","L-Rhamnose",197,0.958
"Dairy","D-Xylose",574,0.774
"Dairy","L-Arabinose",300,0.904
"Dairy","D-Arabinose",259,0.872
"Dairy","D-Ribose",342,0.58
"Dairy","Methanol",83,0.54
"Dairy","Ethanol",686,0.663
"Dairy","Glycerol",721,0.696
"Dairy","Erythritol",230,0.667
"Dairy","Ribitol",499,0.662
"Dairy","Galactitol",116,0.916
"Dairy","D-Mannitol",666,0.883
"Dairy","D-Glucitol",651,0.82
"Dairy","myo-Inositol",93,0.958
"Dairy","DL-Lactate",373,0.152
"Dairy","Succinate",678,0.709
"Dairy","Citrate",507,0.591
"Dairy","D-Gluconate",461,0.764
"Dairy","D-Glucosamine",326,0.887
"Dairy","Nitrate",160,0.77
"Dairy","Vitamin-free",175,0.752
"Dairy","2-Keto-D-gluconate",379,0.906
"Dairy","Starch formation",121,0.551
"Dairy","Growth at 19°C",800,0.95
"Dairy","Growth at 25°C",802,0.935
"Dairy","Growth at 30°C",714,0.516
"Dairy","Growth at 37°C",341,0.308
"Olives","Glucose_F",596,0.593
"Olives","Galactose_F",258,0.577
"Olives","Sucrose_F",212,0.653
"Olives","Maltose_F",166,0.478
"Olives","Lactose_F",40,0.794
"Olives","Raffinose_F",139,0.699
"Olives","Trehalose_F",256,0.381
"Olives","Glucose",818,1
"Olives","Inulin",115,0.649
"Olives","Sucrose",498,0.779
"Olives","Raffinose",238,0.645
"Olives","Melibiose",110,0.732
"Olives","Galactose",534,0.718
"Olives","Lactose",107,0.71
"Olives","Trehalose",567,0.569
"Olives","Maltose",463,0.717
"Olives","Melezitose",380,0.713
"Olives","Methyl-?-D-glucoside",385,0.739
"Olives","Soluble Starch",203,0.842
"Olives","Cellobiose",519,0.782
"Olives","Salicin",512,0.749
"Olives","L-Sorbose",436,0.83
"Olives","L-Rhamnose",186,0.748
"Olives","D-Xylose",569,0.709
"Olives","L-Arabinose",287,0.653
"Olives","D-Arabinose",246,0.582
"Olives","D-Ribose",335,0.633
"Olives","Methanol",78,0.902
"Olives","Ethanol",689,0.75
"Olives","Glycerol",726,0.848
"Olives","Erythritol",227,0.867
"Olives","Ribitol",494,0.694
"Olives","Galactitol",105,0.603
"Olives","D-Mannitol",663,0.857
"Olives","D-Glucitol",650,0.8
"Olives","myo-Inositol",86,0.857
"Olives","DL-Lactate",382,0.806
"Olives","Succinate",681,0.759
"Olives","Citrate",508,0.794
"Olives","D-Gluconate",454,0.699
"Olives","D-Glucosamine",311,0.579
"Olives","Nitrate",153,0.874
"Olives","Vitamin-free",174,1
"Olives","2-Keto-D-gluconate",360,0.424
"Olives","Starch formation",120,1
"Olives","Growth at 19°C",807,0.979
"Olives","Growth at 25°C",809,0.975
"Olives","Growth at 30°C",719,0.701
"Olives","Growth at 37°C",344,0.685
